Species,item,wa_rank,rounded_pred_rank,real_rank
Acinonyx_jubatus,large_mammal,3.7561722852614046,4,4
Acinonyx_jubatus,small_mammal,3.114779546136222,3,2
Acinonyx_jubatus,bird,2.104859379655335,2,2
Acinonyx_jubatus,herptile,1.9932206815012952,2,1
Acinonyx_jubatus,fish,1.3854800156394713,1,1
Acinonyx_jubatus,egg,1.3353725140393506,1,1
Acinonyx_jubatus,carrion,1.4381038858814943,1,1
Acinonyx_jubatus,hard_invert,1.5564091288275879,2,1
Acinonyx_jubatus,soft_invert,1.1013719980044898,1,1
Acinonyx_jubatus,seed,1.0561396874434335,1,1
Acinonyx_jubatus,fruit,1.3342279689621037,1,1
Acinonyx_jubatus,root,1.0308043768960367,1,1
Acinonyx_jubatus,plant,1.6222757659659102,2,1
Ailuropoda_melanoleuca,large_mammal,1.8732165613797254,2,1
Ailuropoda_melanoleuca,small_mammal,1.9917448440000651,2,1
Ailuropoda_melanoleuca,bird,1.75794646118005,2,1
Ailuropoda_melanoleuca,herptile,1.4130701071152239,1,1
Ailuropoda_melanoleuca,fish,1.572393813969665,2,1
Ailuropoda_melanoleuca,egg,1.3095139953625592,1,1
Ailuropoda_melanoleuca,carrion,2.1086101168978977,2,2
Ailuropoda_melanoleuca,hard_invert,1.9720886379478173,2,1
Ailuropoda_melanoleuca,soft_invert,1.5037335184489002,2,1
Ailuropoda_melanoleuca,seed,1.3942278056014288,1,1
Ailuropoda_melanoleuca,fruit,2.4421811862964056,2,1
Ailuropoda_melanoleuca,root,1.4376346228444756,1,1
Ailuropoda_melanoleuca,plant,3.1078554996300554,3,4
Ailurus_fulgens,large_mammal,1.1052732087213237,1,1
Ailurus_fulgens,small_mammal,2.1555416692985747,2,1
Ailurus_fulgens,bird,1.861251546021357,2,1
Ailurus_fulgens,herptile,2.1857187961824387,2,1
Ailurus_fulgens,fish,1.376837872194459,1,1
Ailurus_fulgens,egg,1.535575042948064,2,1
Ailurus_fulgens,carrion,1.5750800109223362,2,1
Ailurus_fulgens,hard_invert,3.1990177128502895,3,1
Ailurus_fulgens,soft_invert,2.3206177823161522,2,1
Ailurus_fulgens,seed,1.5423343223195798,2,1
Ailurus_fulgens,fruit,2.586342191704615,3,2
Ailurus_fulgens,root,1.205235856722761,1,1
Ailurus_fulgens,plant,2.7476930339767254,3,4
Arctictis_binturong,large_mammal,1.3548568847932043,1,1
Arctictis_binturong,small_mammal,2.559166745422077,3,1
Arctictis_binturong,bird,1.9809510674735873,2,1
Arctictis_binturong,herptile,1.8625181299038054,2,1
Arctictis_binturong,fish,1.5778997701148387,2,1
Arctictis_binturong,egg,1.4383968492003865,1,1
Arctictis_binturong,carrion,1.4877017182301842,1,1
Arctictis_binturong,hard_invert,2.7954082370663054,3,2
Arctictis_binturong,soft_invert,1.6090334889745668,2,1
Arctictis_binturong,seed,1.183020118803151,1,1
Arctictis_binturong,fruit,3.574210841142513,4,4
Arctictis_binturong,root,1.1393438232817543,1,1
Arctictis_binturong,plant,1.5131694211780644,2,1
Arctonyx_collaris,large_mammal,1.232225239622863,1,1
Arctonyx_collaris,small_mammal,2.6283412098814956,3,2
Arctonyx_collaris,bird,2.0197163925009334,2,2
Arctonyx_collaris,herptile,2.515642351499996,3,2
Arctonyx_collaris,fish,1.8581748243642366,2,1
Arctonyx_collaris,egg,1.567162956106821,2,1
Arctonyx_collaris,carrion,1.6617765994085227,2,1
Arctonyx_collaris,hard_invert,3.3838065331788094,3,4
Arctonyx_collaris,soft_invert,2.721389060691027,3,4
Arctonyx_collaris,seed,1.4038289085285842,1,2
Arctonyx_collaris,fruit,3.1022462268246422,3,4
Arctonyx_collaris,root,1.2150821815851802,1,2
Arctonyx_collaris,plant,1.835637783833297,2,2
Atilax_paludinosus,large_mammal,1.2589214790005812,1,2
Atilax_paludinosus,small_mammal,3.1530581303223344,3,4
Atilax_paludinosus,bird,2.223911922313304,2,2
Atilax_paludinosus,herptile,2.170217715065469,2,4
Atilax_paludinosus,fish,1.5576848928720344,2,3
Atilax_paludinosus,egg,1.596663474306918,2,2
Atilax_paludinosus,carrion,1.8265523451483237,2,2
Atilax_paludinosus,hard_invert,3.376057191243636,3,4
Atilax_paludinosus,soft_invert,2.386828303114088,2,3
Atilax_paludinosus,seed,1.2925156141346883,1,2
Atilax_paludinosus,fruit,1.8602510555069895,2,2
Atilax_paludinosus,root,1.0977091262383898,1,1
Atilax_paludinosus,plant,1.2079175107294928,1,1
Bassariscus_astutus,large_mammal,1.0392014725150054,1,1
Bassariscus_astutus,small_mammal,3.1914516711473464,3,4
Bassariscus_astutus,bird,2.3600308247655812,2,2
Bassariscus_astutus,herptile,2.7075221161186938,3,3
Bassariscus_astutus,fish,1.426523026418243,1,1
Bassariscus_astutus,egg,1.7535629233059997,2,1
Bassariscus_astutus,carrion,1.7657398707719751,2,2
Bassariscus_astutus,hard_invert,3.8109964928500384,4,4
Bassariscus_astutus,soft_invert,3.481943347696047,3,4
Bassariscus_astutus,seed,1.6239086181359321,2,2
Bassariscus_astutus,fruit,3.695215261454232,4,4
Bassariscus_astutus,root,1.1328911534654547,1,1
Bassariscus_astutus,plant,2.315887936605309,2,3
Bdeogale_jacksoni,large_mammal,1.020617616607569,1,1
Bdeogale_jacksoni,small_mammal,1.8766295176290613,2,4
Bdeogale_jacksoni,bird,1.4516464711374149,1,2
Bdeogale_jacksoni,herptile,2.3090684077501913,2,2
Bdeogale_jacksoni,fish,1.2028669403303176,1,1
Bdeogale_jacksoni,egg,1.7137396275606842,2,2
Bdeogale_jacksoni,carrion,1.7635293454179528,2,2
Bdeogale_jacksoni,hard_invert,3.792665306832077,4,4
Bdeogale_jacksoni,soft_invert,2.745681199588335,3,2
Bdeogale_jacksoni,seed,1.3449693949575372,1,1
Bdeogale_jacksoni,fruit,2.0967443036693147,2,1
Bdeogale_jacksoni,root,1.2135092905773732,1,1
Bdeogale_jacksoni,plant,1.3592154499166842,1,1
Canis_adustus,large_mammal,1.9695327165103282,2,2
Canis_adustus,small_mammal,3.1769873044610053,3,4
Canis_adustus,bird,2.2806625873708666,2,2
Canis_adustus,herptile,2.0112523858673463,2,2
Canis_adustus,fish,1.384445820316713,1,1
Canis_adustus,egg,1.626942830487453,2,2
Canis_adustus,carrion,2.379785804723651,2,3
Canis_adustus,hard_invert,2.6822052658865867,3,4
Canis_adustus,soft_invert,1.7516187955351037,2,3
Canis_adustus,seed,1.4187220597096621,1,1
Canis_adustus,fruit,3.2359771715522316,3,4
Canis_adustus,root,1.1247907799178685,1,1
Canis_adustus,plant,2.1459947491952978,2,2
Canis_aureus,large_mammal,2.2727321815049892,2,3
Canis_aureus,small_mammal,3.3911004952414885,3,4
Canis_aureus,bird,2.405060239266825,2,3
Canis_aureus,herptile,2.0275901515568733,2,2
Canis_aureus,fish,1.5345128608552152,2,2
Canis_aureus,egg,1.6294705946232757,2,1
Canis_aureus,carrion,2.414303284874678,2,4
Canis_aureus,hard_invert,2.3773344301221155,2,2
Canis_aureus,soft_invert,1.5625254062772749,2,1
Canis_aureus,seed,1.3658581792510769,1,2
Canis_aureus,fruit,2.801876454101389,3,3
Canis_aureus,root,1.1000570335072197,1,1
Canis_aureus,plant,2.115716308300127,2,3
Canis_latrans,large_mammal,2.5618138412805056,3,3
Canis_latrans,small_mammal,3.4017733788198696,3,4
Canis_latrans,bird,2.400137301640866,2,2
Canis_latrans,herptile,1.970196520506977,2,2
Canis_latrans,fish,1.563949740215196,2,2
Canis_latrans,egg,1.592863516527496,2,1
Canis_latrans,carrion,2.392599373810761,2,3
Canis_latrans,hard_invert,2.2723952025947356,2,2
Canis_latrans,soft_invert,1.5414551405333519,2,2
Canis_latrans,seed,1.3646999853699004,1,1
Canis_latrans,fruit,2.7779606274340205,3,3
Canis_latrans,root,1.09007596797809,1,1
Canis_latrans,plant,2.157127088729225,2,3
Canis_lupus,large_mammal,3.322754785969058,3,4
Canis_lupus,small_mammal,3.1289333082825146,3,3
Canis_lupus,bird,2.1950392952319264,2,2
Canis_lupus,herptile,1.5399017961574346,2,1
Canis_lupus,fish,1.6574763680667737,2,2
Canis_lupus,egg,1.4483310222764065,1,1
Canis_lupus,carrion,2.3185747982120826,2,2
Canis_lupus,hard_invert,1.8637073370219934,2,1
Canis_lupus,soft_invert,1.3689175074583333,1,1
Canis_lupus,seed,1.2299297000042975,1,1
Canis_lupus,fruit,2.5554541312877443,3,3
Canis_lupus,root,1.0867033169206994,1,1
Canis_lupus,plant,2.0488073469998977,2,2
Canis_mesomelas,large_mammal,2.212663154478114,2,3
Canis_mesomelas,small_mammal,3.4115153036042556,3,3
Canis_mesomelas,bird,2.4657806103340985,2,3
Canis_mesomelas,herptile,2.058684915134414,2,2
Canis_mesomelas,fish,1.368731325906749,1,1
Canis_mesomelas,egg,1.699427798877374,2,1
Canis_mesomelas,carrion,2.3647302837432433,2,3
Canis_mesomelas,hard_invert,2.595010282653294,3,3
Canis_mesomelas,soft_invert,1.7770976131243128,2,3
Canis_mesomelas,seed,1.3788053777867089,1,1
Canis_mesomelas,fruit,2.9375885942741267,3,3
Canis_mesomelas,root,1.0974840855217085,1,1
Canis_mesomelas,plant,2.068541572497272,2,3
Canis_simensis,large_mammal,2.6407650764921557,3,2
Canis_simensis,small_mammal,3.302636590978872,3,4
Canis_simensis,bird,2.322299804776505,2,2
Canis_simensis,herptile,1.8265444606080137,2,1
Canis_simensis,fish,1.4971509402049559,1,1
Canis_simensis,egg,1.5977167926222573,2,2
Canis_simensis,carrion,2.2320563573787338,2,1
Canis_simensis,hard_invert,2.1623613909081385,2,1
Canis_simensis,soft_invert,1.468183507195412,1,1
Canis_simensis,seed,1.3226987539791544,1,1
Canis_simensis,fruit,2.3963185149099466,2,1
Canis_simensis,root,1.0989222193238792,1,1
Canis_simensis,plant,1.9304682775475366,2,2
Caracal_caracal,large_mammal,3.114991913975248,3,3
Caracal_caracal,small_mammal,3.80561524616384,4,4
Caracal_caracal,bird,2.7417708582751037,3,4
Caracal_caracal,herptile,2.0933449707789333,2,2
Caracal_caracal,fish,1.5036899143204379,2,2
Caracal_caracal,egg,1.1862626279325794,1,1
Caracal_caracal,carrion,1.5000520512464286,2,2
Caracal_caracal,hard_invert,1.8438351977106635,2,2
Caracal_caracal,soft_invert,1.1973104286504066,1,1
Caracal_caracal,seed,1.0476579219574849,1,1
Caracal_caracal,fruit,1.5595571451541161,2,2
Caracal_caracal,root,1.0323033856284147,1,1
Caracal_caracal,plant,1.5884030441643477,2,2
Catopuma_temminckii,large_mammal,2.7238707869766055,3,4
Catopuma_temminckii,small_mammal,3.8815219885153227,4,4
Catopuma_temminckii,bird,2.903985412251026,3,3
Catopuma_temminckii,herptile,2.3914449038300054,2,2
Catopuma_temminckii,fish,1.3860966923162055,1,1
Catopuma_temminckii,egg,1.1370302800527177,1,1
Catopuma_temminckii,carrion,1.504671594310632,2,1
Catopuma_temminckii,hard_invert,1.8812410676467124,2,1
Catopuma_temminckii,soft_invert,1.2453986276850249,1,1
Catopuma_temminckii,seed,1.056626942775426,1,1
Catopuma_temminckii,fruit,1.4946198658471626,1,1
Catopuma_temminckii,root,1.0365097841347233,1,1
Catopuma_temminckii,plant,1.6184412566846116,2,1
Cerdocyon_thous,large_mammal,1.55600216846651,2,1
Cerdocyon_thous,small_mammal,3.2698740760558542,3,3
Cerdocyon_thous,bird,2.3874860826946955,2,3
Cerdocyon_thous,herptile,2.127785789402168,2,3
Cerdocyon_thous,fish,1.4366307252187553,1,2
Cerdocyon_thous,egg,1.7415898277515005,2,2
Cerdocyon_thous,carrion,2.27262630995999,2,3
Cerdocyon_thous,hard_invert,2.9080491129433668,3,3
Cerdocyon_thous,soft_invert,1.713981536061836,2,1
Cerdocyon_thous,seed,1.4464740647374665,1,1
Cerdocyon_thous,fruit,3.13364392198215,3,3
Cerdocyon_thous,root,1.1212351735921593,1,1
Cerdocyon_thous,plant,1.734714368674089,2,2
Chrysocyon_brachyurus,large_mammal,2.7397448901793418,3,2
Chrysocyon_brachyurus,small_mammal,3.10288471712056,3,4
Chrysocyon_brachyurus,bird,2.224941083443433,2,3
Chrysocyon_brachyurus,herptile,1.7704020884778235,2,2
Chrysocyon_brachyurus,fish,1.46765083542261,1,1
Chrysocyon_brachyurus,egg,1.56422078425231,2,2
Chrysocyon_brachyurus,carrion,2.348120670093925,2,2
Chrysocyon_brachyurus,hard_invert,2.1861846199527424,2,3
Chrysocyon_brachyurus,soft_invert,1.362305799555573,1,1
Chrysocyon_brachyurus,seed,1.3316992794095706,1,1
Chrysocyon_brachyurus,fruit,3.135023027352203,3,4
Chrysocyon_brachyurus,root,1.1138209399356485,1,1
Chrysocyon_brachyurus,plant,1.9729862980124087,2,2
Civettictis_civetta,large_mammal,1.311351094127136,1,1
Civettictis_civetta,small_mammal,2.675229388706709,3,3
Civettictis_civetta,bird,2.0392357395420215,2,3
Civettictis_civetta,herptile,1.914947778168923,2,3
Civettictis_civetta,fish,1.9368399754726024,2,2
Civettictis_civetta,egg,1.6799177860959693,2,3
Civettictis_civetta,carrion,1.5986542872007794,2,2
Civettictis_civetta,hard_invert,3.230733861690711,3,4
Civettictis_civetta,soft_invert,2.449849595927413,2,4
Civettictis_civetta,seed,1.3944984671180762,1,1
Civettictis_civetta,fruit,3.732619978813006,4,4
Civettictis_civetta,root,1.1381599336739538,1,1
Civettictis_civetta,plant,2.030883143939572,2,2
Conepatus_mesoleucus,large_mammal,1.106502349767172,1,1
Conepatus_mesoleucus,small_mammal,2.677312646200127,3,2
Conepatus_mesoleucus,bird,2.1393007541851206,2,2
Conepatus_mesoleucus,herptile,2.447299168761781,2,2
Conepatus_mesoleucus,fish,1.251555462675376,1,1
Conepatus_mesoleucus,egg,1.4977013467651572,1,2
Conepatus_mesoleucus,carrion,1.819911056332492,2,2
Conepatus_mesoleucus,hard_invert,3.6604216447617572,4,4
Conepatus_mesoleucus,soft_invert,3.2798222233618928,3,4
Conepatus_mesoleucus,seed,1.2649885099236076,1,1
Conepatus_mesoleucus,fruit,2.831596112128432,3,3
Conepatus_mesoleucus,root,1.1568078510117643,1,1
Conepatus_mesoleucus,plant,1.7498082355004205,2,1
Crocuta_crocuta,large_mammal,3.398847890520705,3,4
Crocuta_crocuta,small_mammal,2.5308927838449007,3,2
Crocuta_crocuta,bird,1.9482171226327354,2,2
Crocuta_crocuta,herptile,1.805897391150149,2,1
Crocuta_crocuta,fish,1.5076924482933258,2,2
Crocuta_crocuta,egg,1.2976407335296716,1,1
Crocuta_crocuta,carrion,2.387200069690875,2,3
Crocuta_crocuta,hard_invert,2.1491264753043353,2,2
Crocuta_crocuta,soft_invert,1.531895328709345,2,2
Crocuta_crocuta,seed,1.061818305171481,1,1
Crocuta_crocuta,fruit,2.0447125518932063,2,2
Crocuta_crocuta,root,1.038498766955074,1,1
Crocuta_crocuta,plant,1.3959358306831817,1,2
Cryptoprocta_ferox,large_mammal,2.348082808590311,2,2
Cryptoprocta_ferox,small_mammal,3.6423293490987456,4,4
Cryptoprocta_ferox,bird,2.582922358895834,3,3
Cryptoprocta_ferox,herptile,2.374651651099746,2,3
Cryptoprocta_ferox,fish,1.3329987104634053,1,1
Cryptoprocta_ferox,egg,1.1702156929753795,1,1
Cryptoprocta_ferox,carrion,1.66637964902486,2,1
Cryptoprocta_ferox,hard_invert,2.3618484322447397,2,2
Cryptoprocta_ferox,soft_invert,1.5195470453205342,2,1
Cryptoprocta_ferox,seed,1.066834572553236,1,1
Cryptoprocta_ferox,fruit,1.2839551409346803,1,1
Cryptoprocta_ferox,root,1.0438736139703018,1,1
Cryptoprocta_ferox,plant,1.2221231673158428,1,1
Cuon_alpinus,large_mammal,3.1124686747594708,3,4
Cuon_alpinus,small_mammal,3.410062558008901,3,3
Cuon_alpinus,bird,2.4008692538107947,2,2
Cuon_alpinus,herptile,1.7734210639352272,2,2
Cuon_alpinus,fish,1.4568805723320142,1,1
Cuon_alpinus,egg,1.5568486966966237,2,1
Cuon_alpinus,carrion,2.2950725109988337,2,2
Cuon_alpinus,hard_invert,2.037681992130304,2,2
Cuon_alpinus,soft_invert,1.4197719769385262,1,1
Cuon_alpinus,seed,1.2350575127132906,1,1
Cuon_alpinus,fruit,2.4100028968044844,2,2
Cuon_alpinus,root,1.0762074551470937,1,1
Cuon_alpinus,plant,1.839676280382769,2,2
Cynictis_penicillata,large_mammal,1.0231120267753697,1,1
Cynictis_penicillata,small_mammal,3.1459575432591014,3,3
Cynictis_penicillata,bird,2.3623008218174166,2,3
Cynictis_penicillata,herptile,2.74409442010192,3,3
Cynictis_penicillata,fish,1.1813228088263577,1,1
Cynictis_penicillata,egg,2.18849774122155,2,2
Cynictis_penicillata,carrion,1.7594258336146462,2,2
Cynictis_penicillata,hard_invert,3.915317406539876,4,4
Cynictis_penicillata,soft_invert,3.5251487881025354,4,4
Cynictis_penicillata,seed,1.5573682613269768,2,2
Cynictis_penicillata,fruit,1.8938634129148992,2,2
Cynictis_penicillata,root,1.0981274810351347,1,1
Cynictis_penicillata,plant,1.4223235063557178,1,2
Eira_barbara,large_mammal,1.5588405693989706,2,2
Eira_barbara,small_mammal,3.552629936083998,4,4
Eira_barbara,bird,2.4404133779993935,2,2
Eira_barbara,herptile,2.3450865351656343,2,2
Eira_barbara,fish,1.8675775176134577,2,1
Eira_barbara,egg,1.535065164207278,2,1
Eira_barbara,carrion,1.987705098172752,2,2
Eira_barbara,hard_invert,2.8637446482579945,3,3
Eira_barbara,soft_invert,2.4803832012845977,2,3
Eira_barbara,seed,1.1918734582746409,1,1
Eira_barbara,fruit,2.7165308779457944,3,4
Eira_barbara,root,1.1063390649273008,1,1
Eira_barbara,plant,1.232343410330911,1,1
Enhydra_lutris,large_mammal,1.465724982926179,1,1
Enhydra_lutris,small_mammal,2.252932250127147,2,1
Enhydra_lutris,bird,1.8247247490101512,2,1
Enhydra_lutris,herptile,1.6169282857089475,2,1
Enhydra_lutris,fish,3.4183193164749173,3,4
Enhydra_lutris,egg,1.32934676221848,1,1
Enhydra_lutris,carrion,1.6886961934101763,2,1
Enhydra_lutris,hard_invert,2.901821956466452,3,4
Enhydra_lutris,soft_invert,2.1485973959747557,2,4
Enhydra_lutris,seed,1.1963092609257298,1,1
Enhydra_lutris,fruit,1.746585398041161,2,1
Enhydra_lutris,root,1.2399533367945945,1,1
Enhydra_lutris,plant,1.4349393170603382,1,1
Felis_silvestris,large_mammal,2.249590450982789,2,1
Felis_silvestris,small_mammal,3.9378650348973445,4,4
Felis_silvestris,bird,3.098454156876693,3,2
Felis_silvestris,herptile,2.441233423676697,2,2
Felis_silvestris,fish,1.5017596798788013,2,2
Felis_silvestris,egg,1.1307830261159568,1,1
Felis_silvestris,carrion,1.4384082117573112,1,1
Felis_silvestris,hard_invert,2.006081933966926,2,2
Felis_silvestris,soft_invert,1.304450819654302,1,1
Felis_silvestris,seed,1.0720650677782082,1,1
Felis_silvestris,fruit,1.5677127799387924,2,2
Felis_silvestris,root,1.0460685561471128,1,1
Felis_silvestris,plant,1.552053577980959,2,2
Fossa_fossana,large_mammal,1.0443556236280025,1,1
Fossa_fossana,small_mammal,2.723371280788335,3,3
Fossa_fossana,bird,2.0629382695210015,2,1
Fossa_fossana,herptile,2.55140807826197,3,3
Fossa_fossana,fish,1.195654198781491,1,1
Fossa_fossana,egg,1.8228060100388932,2,1
Fossa_fossana,carrion,1.6768559052621559,2,2
Fossa_fossana,hard_invert,3.8729651691309903,4,4
Fossa_fossana,soft_invert,2.96133788420658,3,1
Fossa_fossana,seed,1.496745109890411,1,1
Fossa_fossana,fruit,1.6478626164776358,2,1
Fossa_fossana,root,1.1140005481645947,1,1
Fossa_fossana,plant,1.5737525178722256,2,1
Galictis_cuja,large_mammal,1.1184809942076877,1,1
Galictis_cuja,small_mammal,3.8235344639997324,4,4
Galictis_cuja,bird,2.9095860408447503,3,3
Galictis_cuja,herptile,2.781830640593237,3,3
Galictis_cuja,fish,2.380151087395224,2,2
Galictis_cuja,egg,1.557512845755676,2,1
Galictis_cuja,carrion,1.5073739034854785,2,1
Galictis_cuja,hard_invert,3.231947237976936,3,2
Galictis_cuja,soft_invert,2.6899276933072716,3,2
Galictis_cuja,seed,1.2300126493063375,1,1
Galictis_cuja,fruit,1.865439634812533,2,2
Galictis_cuja,root,1.1315498276912617,1,1
Galictis_cuja,plant,1.215589006270771,1,1
Gulo_gulo,large_mammal,2.399889996879626,2,3
Gulo_gulo,small_mammal,3.3488661430204734,3,4
Gulo_gulo,bird,2.25777399014694,2,2
Gulo_gulo,herptile,1.8994355188423817,2,1
Gulo_gulo,fish,2.252799034470899,2,2
Gulo_gulo,egg,1.5308657857989545,2,2
Gulo_gulo,carrion,2.3079634766427612,2,4
Gulo_gulo,hard_invert,2.2640344290244494,2,1
Gulo_gulo,soft_invert,2.0908660928531515,2,2
Gulo_gulo,seed,1.1608127014373815,1,1
Gulo_gulo,fruit,2.3439677484002015,2,2
Gulo_gulo,root,1.088980429508089,1,1
Gulo_gulo,plant,1.321120573636973,1,1
Helarctos_malayanus,large_mammal,1.542196541318102,2,1
Helarctos_malayanus,small_mammal,2.0539014128574054,2,2
Helarctos_malayanus,bird,1.780824428611575,2,1
Helarctos_malayanus,herptile,1.2104605704781095,1,1
Helarctos_malayanus,fish,1.7225941009769734,2,2
Helarctos_malayanus,egg,1.3875362094035426,1,1
Helarctos_malayanus,carrion,2.004204640187556,2,1
Helarctos_malayanus,hard_invert,3.028759928683014,3,4
Helarctos_malayanus,soft_invert,2.617103197773497,3,4
Helarctos_malayanus,seed,1.4589871573170092,1,1
Helarctos_malayanus,fruit,3.558530206755134,4,4
Helarctos_malayanus,root,1.5712986298876774,2,2
Helarctos_malayanus,plant,2.736288508309281,3,2
Helogale_parvula,large_mammal,1.0081715179773267,1,1
Helogale_parvula,small_mammal,3.1967454705806553,3,2
Helogale_parvula,bird,2.3518460226623694,2,1
Helogale_parvula,herptile,2.928254457565448,3,2
Helogale_parvula,fish,1.1451916717998543,1,1
Helogale_parvula,egg,2.2064400332339495,2,2
Helogale_parvula,carrion,1.537121652554984,2,1
Helogale_parvula,hard_invert,3.9475576413202584,4,4
Helogale_parvula,soft_invert,3.638124533038333,4,4
Helogale_parvula,seed,1.4015335041115806,1,1
Helogale_parvula,fruit,2.137726745589264,2,2
Helogale_parvula,root,1.0999536485806294,1,1
Helogale_parvula,plant,1.3113278491470481,1,1
Hyaena_hyaena,large_mammal,2.593223068720702,3,2
Hyaena_hyaena,small_mammal,2.7812296772214555,3,2
Hyaena_hyaena,bird,2.122410809387525,2,3
Hyaena_hyaena,herptile,2.3700944976814693,2,3
Hyaena_hyaena,fish,1.360943464765141,1,1
Hyaena_hyaena,egg,1.236793114926483,1,1
Hyaena_hyaena,carrion,2.5557221352615485,3,4
Hyaena_hyaena,hard_invert,2.2233858746885784,2,3
Hyaena_hyaena,soft_invert,1.439715581302455,1,2
Hyaena_hyaena,seed,1.073946867341857,1,1
Hyaena_hyaena,fruit,2.4322542045238786,2,3
Hyaena_hyaena,root,1.0458137107942391,1,1
Hyaena_hyaena,plant,1.2969042020107688,1,1
Hydrictis_maculicollis,large_mammal,1.2116697100081528,1,1
Hydrictis_maculicollis,small_mammal,3.0694145251796,3,2
Hydrictis_maculicollis,bird,2.297609061780688,2,2
Hydrictis_maculicollis,herptile,2.720285934656501,3,3
Hydrictis_maculicollis,fish,3.1755332781214958,3,4
Hydrictis_maculicollis,egg,1.4581713759297306,1,1
Hydrictis_maculicollis,carrion,1.4444917912059365,1,1
Hydrictis_maculicollis,hard_invert,3.574678032516573,4,4
Hydrictis_maculicollis,soft_invert,2.837582280325511,3,3
Hydrictis_maculicollis,seed,1.2591274149233056,1,1
Hydrictis_maculicollis,fruit,1.5472637490683574,2,1
Hydrictis_maculicollis,root,1.1173251023011317,1,1
Hydrictis_maculicollis,plant,1.770633443673286,2,2
Ichneumia_albicauda,large_mammal,1.074592740552404,1,1
Ichneumia_albicauda,small_mammal,2.491099113757243,2,2
Ichneumia_albicauda,bird,1.9200906105658735,2,1
Ichneumia_albicauda,herptile,2.4646530987612736,2,3
Ichneumia_albicauda,fish,1.281583155851963,1,1
Ichneumia_albicauda,egg,1.8198637730746354,2,1
Ichneumia_albicauda,carrion,1.8326231682371878,2,2
Ichneumia_albicauda,hard_invert,3.8353235982500324,4,4
Ichneumia_albicauda,soft_invert,3.1259893854332996,3,4
Ichneumia_albicauda,seed,1.4725461395815813,1,1
Ichneumia_albicauda,fruit,2.191445319878794,2,2
Ichneumia_albicauda,root,1.1329783930360378,1,1
Ichneumia_albicauda,plant,1.6547297657291102,2,1
Leopardus_wiedii,large_mammal,2.0710700354266987,2,1
Leopardus_wiedii,small_mammal,3.95846101710848,4,4
Leopardus_wiedii,bird,3.259653045833259,3,4
Leopardus_wiedii,herptile,2.470145409669399,2,3
Leopardus_wiedii,fish,1.3873910680122714,1,1
Leopardus_wiedii,egg,1.1159316940604145,1,1
Leopardus_wiedii,carrion,1.432206875415874,1,1
Leopardus_wiedii,hard_invert,1.9900826991772835,2,2
Leopardus_wiedii,soft_invert,1.3118990678135674,1,1
Leopardus_wiedii,seed,1.086484051471132,1,1
Leopardus_wiedii,fruit,1.620054841144536,2,2
Leopardus_wiedii,root,1.054917230950748,1,1
Leopardus_wiedii,plant,1.4106380236588822,1,1
Leptailurus_serval,large_mammal,2.0805326034290923,2,2
Leptailurus_serval,small_mammal,3.958777202669924,4,4
Leptailurus_serval,bird,3.2473851609414517,3,3
Leptailurus_serval,herptile,2.4878998870563804,2,3
Leptailurus_serval,fish,1.3998472028896258,1,1
Leptailurus_serval,egg,1.125722221526154,1,1
Leptailurus_serval,carrion,1.4404376208684104,1,1
Leptailurus_serval,hard_invert,2.075804166560914,2,3
Leptailurus_serval,soft_invert,1.3210723646059812,1,1
Leptailurus_serval,seed,1.0886282981324147,1,1
Leptailurus_serval,fruit,1.4488818925283629,1,1
Leptailurus_serval,root,1.0547165998459427,1,1
Leptailurus_serval,plant,1.5368667378918752,2,2
Lontra_canadensis,large_mammal,1.1631989766063917,1,1
Lontra_canadensis,small_mammal,2.463284626845873,2,2
Lontra_canadensis,bird,1.9220666606264016,2,2
Lontra_canadensis,herptile,2.399468691149863,2,3
Lontra_canadensis,fish,3.1444077608626757,3,4
Lontra_canadensis,egg,1.3771371546976343,1,1
Lontra_canadensis,carrion,1.4905039253986863,1,1
Lontra_canadensis,hard_invert,3.3453106942211113,3,4
Lontra_canadensis,soft_invert,2.2331634472428217,2,2
Lontra_canadensis,seed,1.2243735020981217,1,1
Lontra_canadensis,fruit,1.9554207551217304,2,2
Lontra_canadensis,root,1.194779064112269,1,1
Lontra_canadensis,plant,1.5455320118025437,2,2
Lutra_lutra,large_mammal,1.3999929856971447,1,1
Lutra_lutra,small_mammal,2.8515909495069685,3,3
Lutra_lutra,bird,2.1360474120621884,2,3
Lutra_lutra,herptile,2.2536219680856133,2,4
Lutra_lutra,fish,3.2829169231338926,3,4
Lutra_lutra,egg,1.5155097534926742,2,1
Lutra_lutra,carrion,1.4983442232524875,1,1
Lutra_lutra,hard_invert,3.1772955940082506,3,4
Lutra_lutra,soft_invert,2.090894917371696,2,1
Lutra_lutra,seed,1.2353272592163589,1,1
Lutra_lutra,fruit,1.8641602517393707,2,2
Lutra_lutra,root,1.1283761325035206,1,1
Lutra_lutra,plant,1.4733997660575475,1,1
Lutrogale_perspicillata,large_mammal,1.3373467783233632,1,1
Lutrogale_perspicillata,small_mammal,2.8180481407871065,3,3
Lutrogale_perspicillata,bird,2.10844250504222,2,2
Lutrogale_perspicillata,herptile,2.449852809597643,2,3
Lutrogale_perspicillata,fish,3.283526620321583,3,4
Lutrogale_perspicillata,egg,1.4286627023469354,1,1
Lutrogale_perspicillata,carrion,1.4682794694155912,1,1
Lutrogale_perspicillata,hard_invert,3.194895099393761,3,3
Lutrogale_perspicillata,soft_invert,2.166055440294733,2,2
Lutrogale_perspicillata,seed,1.2321270872288148,1,1
Lutrogale_perspicillata,fruit,1.6004645733803486,2,1
Lutrogale_perspicillata,root,1.132499660779314,1,1
Lutrogale_perspicillata,plant,1.4688635122175144,1,1
Lycalopex_culpaeus,large_mammal,2.183431365556754,2,4
Lycalopex_culpaeus,small_mammal,3.4250368653344387,3,4
Lycalopex_culpaeus,bird,2.4523775911050616,2,2
Lycalopex_culpaeus,herptile,2.0505092059268524,2,2
Lycalopex_culpaeus,fish,1.4309433842498915,1,1
Lycalopex_culpaeus,egg,1.7028954463878851,2,2
Lycalopex_culpaeus,carrion,2.280624487055076,2,2
Lycalopex_culpaeus,hard_invert,2.542635490149468,3,2
Lycalopex_culpaeus,soft_invert,1.53288599449001,2,1
Lycalopex_culpaeus,seed,1.3721969312113953,1,1
Lycalopex_culpaeus,fruit,3.002480814444862,3,3
Lycalopex_culpaeus,root,1.0955048887010184,1,1
Lycalopex_culpaeus,plant,1.6214598556446385,2,1
Lycalopex_gymnocercus,large_mammal,1.5324697048643383,2,1
Lycalopex_gymnocercus,small_mammal,3.4422452749453814,3,4
Lycalopex_gymnocercus,bird,2.494842444211534,2,3
Lycalopex_gymnocercus,herptile,2.21600644406266,2,2
Lycalopex_gymnocercus,fish,1.3808590634204907,1,2
Lycalopex_gymnocercus,egg,1.7267170703451689,2,1
Lycalopex_gymnocercus,carrion,2.2411944696257233,2,3
Lycalopex_gymnocercus,hard_invert,2.973199230691143,3,3
Lycalopex_gymnocercus,soft_invert,1.8081796816016997,2,3
Lycalopex_gymnocercus,seed,1.4282130583873591,1,1
Lycalopex_gymnocercus,fruit,3.1862503957621477,3,3
Lycalopex_gymnocercus,root,1.108698371526707,1,1
Lycalopex_gymnocercus,plant,1.6355301587645905,2,1
Lycalopex_sechurae,large_mammal,1.3840424292368,1,1
Lycalopex_sechurae,small_mammal,3.305436558466564,3,3
Lycalopex_sechurae,bird,2.399059696081392,2,2
Lycalopex_sechurae,herptile,2.282810947128919,2,2
Lycalopex_sechurae,fish,1.3457968418303974,1,1
Lycalopex_sechurae,egg,1.7451479456680243,2,3
Lycalopex_sechurae,carrion,2.2333895726449358,2,3
Lycalopex_sechurae,hard_invert,3.11651726686563,3,3
Lycalopex_sechurae,soft_invert,1.8572389521652934,2,1
Lycalopex_sechurae,seed,1.4429067890851088,1,3
Lycalopex_sechurae,fruit,3.2389582938220487,3,4
Lycalopex_sechurae,root,1.1223870930499131,1,1
Lycalopex_sechurae,plant,1.6823779857765693,2,1
Lycalopex_vetulus,large_mammal,1.2953789762150743,1,1
Lycalopex_vetulus,small_mammal,3.165089996798038,3,3
Lycalopex_vetulus,bird,2.295245135662042,2,2
Lycalopex_vetulus,herptile,2.2552270429062236,2,2
Lycalopex_vetulus,fish,1.3320310631996237,1,1
Lycalopex_vetulus,egg,1.6315780301993028,2,1
Lycalopex_vetulus,carrion,2.1737098942184443,2,1
Lycalopex_vetulus,hard_invert,3.125907542083668,3,4
Lycalopex_vetulus,soft_invert,1.8193182969675679,2,1
Lycalopex_vetulus,seed,1.3958488471362387,1,1
Lycalopex_vetulus,fruit,3.347550917686378,3,4
Lycalopex_vetulus,root,1.1371308280230001,1,1
Lycalopex_vetulus,plant,1.6362312560792194,2,1
Lycaon_pictus,large_mammal,3.187468083943414,3,4
Lycaon_pictus,small_mammal,3.2388437734183877,3,3
Lycaon_pictus,bird,2.2742281332354906,2,1
Lycaon_pictus,herptile,1.6899941019576423,2,1
Lycaon_pictus,fish,1.4657519098437852,1,1
Lycaon_pictus,egg,1.4994489806941,1,1
Lycaon_pictus,carrion,2.26112463106971,2,2
Lycaon_pictus,hard_invert,1.9386668054393557,2,1
Lycaon_pictus,soft_invert,1.377438939767405,1,1
Lycaon_pictus,seed,1.2187646517011592,1,1
Lycaon_pictus,fruit,2.194711539090613,2,1
Lycaon_pictus,root,1.0857667624176035,1,1
Lycaon_pictus,plant,1.707574221657345,2,1
Lynx_canadensis,large_mammal,2.846167655712365,3,2
Lynx_canadensis,small_mammal,3.8490993538583393,4,4
Lynx_canadensis,bird,2.7939346736730855,3,2
Lynx_canadensis,herptile,2.1495843328225015,2,1
Lynx_canadensis,fish,1.3722892031396516,1,1
Lynx_canadensis,egg,1.1452667617920913,1,1
Lynx_canadensis,carrion,1.507328139921926,2,2
Lynx_canadensis,hard_invert,1.7728269654123816,2,1
Lynx_canadensis,soft_invert,1.2134087176292463,1,1
Lynx_canadensis,seed,1.0493001524239751,1,1
Lynx_canadensis,fruit,1.3756354189691136,1,1
Lynx_canadensis,root,1.0341540141184071,1,1
Lynx_canadensis,plant,1.436929694707074,1,1
Martes_americana,large_mammal,1.105083881402187,1,1
Martes_americana,small_mammal,3.7964587669495984,4,4
Martes_americana,bird,2.752938360642487,3,3
Martes_americana,herptile,2.7520256006922965,3,3
Martes_americana,fish,2.08247217441172,2,3
Martes_americana,egg,1.6403402172020856,2,3
Martes_americana,carrion,2.0070662746328627,2,3
Martes_americana,hard_invert,3.001445125107213,3,3
Martes_americana,soft_invert,2.6003306688509022,3,3
Martes_americana,seed,1.2388561224807737,1,1
Martes_americana,fruit,2.559976983813915,3,3
Martes_americana,root,1.1344981482069167,1,1
Martes_americana,plant,1.1453336898537025,1,1
Mellivora_capensis,large_mammal,1.7835210025198363,2,1
Mellivora_capensis,small_mammal,3.4754447525192615,3,4
Mellivora_capensis,bird,2.3640378573667804,2,2
Mellivora_capensis,herptile,2.363590120125518,2,4
Mellivora_capensis,fish,1.9347187024993553,2,1
Mellivora_capensis,egg,1.1476945523239723,1,1
Mellivora_capensis,carrion,1.8354014090153465,2,2
Mellivora_capensis,hard_invert,2.5750078186708163,3,4
Mellivora_capensis,soft_invert,2.21367490147434,2,4
Mellivora_capensis,seed,1.0842725251340566,1,1
Mellivora_capensis,fruit,1.9432848297394012,2,2
Mellivora_capensis,root,1.1213221751264415,1,2
Mellivora_capensis,plant,1.2358729967270523,1,1
Melursus_ursinus,large_mammal,1.8050621679418184,2,1
Melursus_ursinus,small_mammal,2.051160711354304,2,2
Melursus_ursinus,bird,1.8001048335937124,2,2
Melursus_ursinus,herptile,1.2688985636639143,1,2
Melursus_ursinus,fish,1.706776827613729,2,1
Melursus_ursinus,egg,1.347740072018507,1,1
Melursus_ursinus,carrion,2.0979879373028254,2,2
Melursus_ursinus,hard_invert,2.6299757810680715,3,4
Melursus_ursinus,soft_invert,1.9298157047302094,2,1
Melursus_ursinus,seed,1.440817055785933,1,2
Melursus_ursinus,fruit,3.4226411356332327,3,4
Melursus_ursinus,root,1.6129890956866937,2,2
Melursus_ursinus,plant,2.4974047663760053,2,2
Mephitis_mephitis,large_mammal,1.1098576570903922,1,1
Mephitis_mephitis,small_mammal,3.043912917992963,3,3
Mephitis_mephitis,bird,2.3540086357594037,2,3
Mephitis_mephitis,herptile,2.4851661721395426,2,3
Mephitis_mephitis,fish,1.2383299228184006,1,1
Mephitis_mephitis,egg,1.8710427302194168,2,3
Mephitis_mephitis,carrion,1.664653187576664,2,1
Mephitis_mephitis,hard_invert,3.656378355800952,4,4
Mephitis_mephitis,soft_invert,3.3325398519343485,3,4
Mephitis_mephitis,seed,1.2867555380631042,1,1
Mephitis_mephitis,fruit,2.726174351815373,3,3
Mephitis_mephitis,root,1.1351527425154013,1,1
Mephitis_mephitis,plant,1.648175529265476,2,1
Mungotictis_decemlineata,large_mammal,1.0237458156251924,1,1
Mungotictis_decemlineata,small_mammal,3.296319015228406,3,2
Mungotictis_decemlineata,bird,2.4950470646551186,2,2
Mungotictis_decemlineata,herptile,2.7477243713959454,3,2
Mungotictis_decemlineata,fish,1.1636067671343246,1,1
Mungotictis_decemlineata,egg,1.7405680028421957,2,2
Mungotictis_decemlineata,carrion,1.5019971950410829,2,1
Mungotictis_decemlineata,hard_invert,3.8816481590654277,4,4
Mungotictis_decemlineata,soft_invert,3.4435392615688913,3,4
Mungotictis_decemlineata,seed,1.3522944841524418,1,1
Mungotictis_decemlineata,fruit,1.5491117046410077,2,1
Mungotictis_decemlineata,root,1.1027977320026288,1,1
Mungotictis_decemlineata,plant,1.4011822024697813,1,1
Nandinia_binotata,large_mammal,1.2020632474406774,1,1
Nandinia_binotata,small_mammal,3.3229396027434936,3,2
Nandinia_binotata,bird,2.534556688764172,3,2
Nandinia_binotata,herptile,2.36192424912497,2,1
Nandinia_binotata,fish,1.29234684256308,1,1
Nandinia_binotata,egg,1.6597467445147647,2,2
Nandinia_binotata,carrion,1.4879904145523095,1,1
Nandinia_binotata,hard_invert,2.859629310130055,3,2
Nandinia_binotata,soft_invert,2.1615182580157404,2,2
Nandinia_binotata,seed,1.2179312401939864,1,1
Nandinia_binotata,fruit,3.32673322062573,3,4
Nandinia_binotata,root,1.1067584356981257,1,1
Nandinia_binotata,plant,1.3634526352802852,1,1
Nasua_nasua,large_mammal,1.0293217849730711,1,1
Nasua_nasua,small_mammal,1.76473761738774,2,2
Nasua_nasua,bird,1.5229632692459192,2,2
Nasua_nasua,herptile,2.2003154728869254,2,2
Nasua_nasua,fish,1.6581220504521532,2,2
Nasua_nasua,egg,1.6729569783171105,2,2
Nasua_nasua,carrion,1.8468918104397212,2,2
Nasua_nasua,hard_invert,3.6641333342974383,4,4
Nasua_nasua,soft_invert,3.0149365039205804,3,4
Nasua_nasua,seed,1.421823229745118,1,1
Nasua_nasua,fruit,3.7248257907134037,4,4
Nasua_nasua,root,1.3321700700409564,1,1
Nasua_nasua,plant,1.9280262920183877,2,2
Nasuella_olivacea,large_mammal,1.0108337646322563,1,1
Nasuella_olivacea,small_mammal,1.4636788510340644,1,1
Nasuella_olivacea,bird,1.2840701743495475,1,1
Nasuella_olivacea,herptile,2.491328703865728,2,3
Nasuella_olivacea,fish,1.3165391249038279,1,1
Nasuella_olivacea,egg,1.7924553502477782,2,1
Nasuella_olivacea,carrion,1.7356696541632741,2,2
Nasuella_olivacea,hard_invert,3.8538544846630955,4,4
Nasuella_olivacea,soft_invert,3.320227332487983,3,4
Nasuella_olivacea,seed,1.414681328921487,1,1
Nasuella_olivacea,fruit,3.8127079049505133,4,4
Nasuella_olivacea,root,1.3139973582064688,1,2
Nasuella_olivacea,plant,1.9292332078294079,2,2
Neofelis_nebulosa,large_mammal,3.2754745384942767,3,4
Neofelis_nebulosa,small_mammal,3.7515570449458258,4,4
Neofelis_nebulosa,bird,2.6109848312384405,3,2
Neofelis_nebulosa,herptile,1.946303942908218,2,1
Neofelis_nebulosa,fish,1.6656623969530826,2,2
Neofelis_nebulosa,egg,1.176432742390792,1,1
Neofelis_nebulosa,carrion,1.4577019631670616,1,1
Neofelis_nebulosa,hard_invert,1.754240273729149,2,1
Neofelis_nebulosa,soft_invert,1.207884967216372,1,1
Neofelis_nebulosa,seed,1.0440379279590173,1,1
Neofelis_nebulosa,fruit,1.4555527547264766,1,1
Neofelis_nebulosa,root,1.0310731649840523,1,1
Neofelis_nebulosa,plant,1.4708019285705694,1,1
Neovison_vison,large_mammal,1.0968844044987631,1,1
Neovison_vison,small_mammal,3.734207218672774,4,4
Neovison_vison,bird,2.8201619899838737,3,3
Neovison_vison,herptile,2.789329682295154,3,4
Neovison_vison,fish,2.739863264691226,3,4
Neovison_vison,egg,1.6499071992588337,2,2
Neovison_vison,carrion,1.6242243013311288,2,2
Neovison_vison,hard_invert,3.593597366901189,4,4
Neovison_vison,soft_invert,2.8977403022808863,3,2
Neovison_vison,seed,1.2809158987070233,1,1
Neovison_vison,fruit,1.6374003230750291,2,1
Neovison_vison,root,1.1311463443661818,1,1
Neovison_vison,plant,1.2983661603770726,1,1
Nyctereutes_procyonoides,large_mammal,1.3874943795547074,1,1
Nyctereutes_procyonoides,small_mammal,3.3316068160822834,3,3
Nyctereutes_procyonoides,bird,2.512045043275124,3,3
Nyctereutes_procyonoides,herptile,2.305375063331984,2,3
Nyctereutes_procyonoides,fish,1.7636119519567115,2,3
Nyctereutes_procyonoides,egg,1.909795246919122,2,3
Nyctereutes_procyonoides,carrion,2.313238455050811,2,3
Nyctereutes_procyonoides,hard_invert,3.0807014048334223,3,3
Nyctereutes_procyonoides,soft_invert,2.2451243014248448,2,3
Nyctereutes_procyonoides,seed,1.5388527565997774,2,3
Nyctereutes_procyonoides,fruit,2.9836302888428743,3,3
Nyctereutes_procyonoides,root,1.1647037691238076,1,3
Nyctereutes_procyonoides,plant,2.212919718558095,2,3
Otocyon_megalotis,large_mammal,1.1120288037065738,1,1
Otocyon_megalotis,small_mammal,2.4590390044125785,2,2
Otocyon_megalotis,bird,1.956818426065104,2,2
Otocyon_megalotis,herptile,2.1488817539868372,2,2
Otocyon_megalotis,fish,1.350124500005807,1,1
Otocyon_megalotis,egg,1.8551217250608403,2,2
Otocyon_megalotis,carrion,2.0936516395413918,2,2
Otocyon_megalotis,hard_invert,3.3033995041370074,3,4
Otocyon_megalotis,soft_invert,2.0622888608590566,2,2
Otocyon_megalotis,seed,1.515416249957626,2,2
Otocyon_megalotis,fruit,3.3999083929905014,3,4
Otocyon_megalotis,root,1.2387320121129206,1,1
Otocyon_megalotis,plant,1.8317698505540398,2,2
Paguma_larvata,large_mammal,1.153807133833539,1,1
Paguma_larvata,small_mammal,2.923489855251897,3,4
Paguma_larvata,bird,2.1462107671165076,2,3
Paguma_larvata,herptile,2.1889660865195637,2,2
Paguma_larvata,fish,1.6118111863999058,2,2
Paguma_larvata,egg,1.5856410095438127,2,1
Paguma_larvata,carrion,1.4333326627476395,1,1
Paguma_larvata,hard_invert,3.286798393556495,3,4
Paguma_larvata,soft_invert,1.8567771360461145,2,1
Paguma_larvata,seed,1.2065494373793078,1,1
Paguma_larvata,fruit,3.614930790153936,4,4
Paguma_larvata,root,1.1194231303657975,1,1
Paguma_larvata,plant,1.6671783233545627,2,2
Panthera_leo,large_mammal,3.828282222976899,4,4
Panthera_leo,small_mammal,2.388474116122882,2,2
Panthera_leo,bird,1.6754696075244542,2,2
Panthera_leo,herptile,1.4018282882612287,1,2
Panthera_leo,fish,1.7277012998320203,2,2
Panthera_leo,egg,1.3826103274477985,1,2
Panthera_leo,carrion,1.5616247424794898,2,2
Panthera_leo,hard_invert,1.851754783437857,2,2
Panthera_leo,soft_invert,1.2395342487059327,1,1
Panthera_leo,seed,1.0767176449712377,1,1
Panthera_leo,fruit,1.7057025415677103,2,2
Panthera_leo,root,1.0412366824169492,1,1
Panthera_leo,plant,1.9494120057391813,2,2
Panthera_onca,large_mammal,3.8272390421513323,4,4
Panthera_onca,small_mammal,2.860994825277036,3,4
Panthera_onca,bird,1.9179297651445903,2,2
Panthera_onca,herptile,1.828944664706491,2,4
Panthera_onca,fish,1.713485646075186,2,2
Panthera_onca,egg,1.354879517523097,1,2
Panthera_onca,carrion,1.4900148905566617,1,1
Panthera_onca,hard_invert,1.6301238060301175,2,2
Panthera_onca,soft_invert,1.0984782587055253,1,1
Panthera_onca,seed,1.0605383805229698,1,1
Panthera_onca,fruit,1.6772782710549012,2,2
Panthera_onca,root,1.0346533909191518,1,1
Panthera_onca,plant,1.7613806121970472,2,2
Panthera_pardus,large_mammal,3.775927055915869,4,4
Panthera_pardus,small_mammal,3.165056427316947,3,4
Panthera_pardus,bird,2.103460940874655,2,2
Panthera_pardus,herptile,1.6625118912272472,2,2
Panthera_pardus,fish,1.7025121229073095,2,2
Panthera_pardus,egg,1.3060890454456426,1,1
Panthera_pardus,carrion,1.471008730083519,1,1
Panthera_pardus,hard_invert,1.796043358139012,2,2
Panthera_pardus,soft_invert,1.1792095760368104,1,1
Panthera_pardus,seed,1.04896514157041,1,1
Panthera_pardus,fruit,1.6706051152568742,2,2
Panthera_pardus,root,1.0310688337501548,1,1
Panthera_pardus,plant,1.7882096274072388,2,2
Parahyaena_brunnea,large_mammal,2.8019043195831856,3,2
Parahyaena_brunnea,small_mammal,2.718253873250424,3,3
Parahyaena_brunnea,bird,2.0666196535448167,2,2
Parahyaena_brunnea,herptile,2.0314710572528036,2,2
Parahyaena_brunnea,fish,1.3578847231441677,1,1
Parahyaena_brunnea,egg,1.2584152331984813,1,2
Parahyaena_brunnea,carrion,2.6971442194200788,3,4
Parahyaena_brunnea,hard_invert,2.2219825546881578,2,2
Parahyaena_brunnea,soft_invert,1.471254757762017,1,1
Parahyaena_brunnea,seed,1.0614149977044014,1,1
Parahyaena_brunnea,fruit,2.601733309439157,3,3
Parahyaena_brunnea,root,1.0426102389104739,1,1
Parahyaena_brunnea,plant,1.3562243723555671,1,1
Pekania_pennanti,large_mammal,1.4533209083232626,1,3
Pekania_pennanti,small_mammal,3.531499393537473,4,4
Pekania_pennanti,bird,2.433053550366752,2,2
Pekania_pennanti,herptile,2.394731577592093,2,3
Pekania_pennanti,fish,1.8511107541790264,2,1
Pekania_pennanti,egg,1.4060452061046251,1,2
Pekania_pennanti,carrion,2.0997359532925866,2,3
Pekania_pennanti,hard_invert,2.899992821882865,3,2
Pekania_pennanti,soft_invert,2.478437426417064,2,2
Pekania_pennanti,seed,1.1942835840943304,1,1
Pekania_pennanti,fruit,2.807666231317812,3,3
Pekania_pennanti,root,1.1101694066519412,1,1
Pekania_pennanti,plant,1.3351619504015302,1,1
Potos_flavus,large_mammal,1.0240935673517,1,1
Potos_flavus,small_mammal,1.4693112752759587,1,1
Potos_flavus,bird,1.2445307814459527,1,1
Potos_flavus,herptile,2.185592196392906,2,1
Potos_flavus,fish,1.3088137984337411,1,1
Potos_flavus,egg,1.4199882054837785,1,1
Potos_flavus,carrion,1.5198800697728176,2,1
Potos_flavus,hard_invert,3.203131866917364,3,2
Potos_flavus,soft_invert,2.3763196942555815,2,2
Potos_flavus,seed,1.304931274975625,1,1
Potos_flavus,fruit,3.7671732522275465,4,4
Potos_flavus,root,1.3617642413067992,1,1
Potos_flavus,plant,2.0273638719763536,2,3
Prionailurus_bengalensis,large_mammal,1.8888733978642314,2,2
Prionailurus_bengalensis,small_mammal,3.9612366092595086,4,4
Prionailurus_bengalensis,bird,3.3138574769400853,3,4
Prionailurus_bengalensis,herptile,2.704186270475609,3,4
Prionailurus_bengalensis,fish,1.3932924070700872,1,1
Prionailurus_bengalensis,egg,1.1128003772134927,1,1
Prionailurus_bengalensis,carrion,1.4999842763464588,1,2
Prionailurus_bengalensis,hard_invert,2.4375271161523133,2,3
Prionailurus_bengalensis,soft_invert,1.6208041693484803,2,2
Prionailurus_bengalensis,seed,1.1054726849690755,1,1
Prionailurus_bengalensis,fruit,1.4142492818642884,1,1
Prionailurus_bengalensis,root,1.0606081389931625,1,1
Prionailurus_bengalensis,plant,1.7497811993838797,2,2
Procyon_cancrivorus,large_mammal,1.0816147630231123,1,1
Procyon_cancrivorus,small_mammal,2.274211413494053,2,3
Procyon_cancrivorus,bird,1.8006651851028286,2,2
Procyon_cancrivorus,herptile,2.285847762585576,2,3
Procyon_cancrivorus,fish,1.855885162455869,2,2
Procyon_cancrivorus,egg,1.5202174171550347,2,1
Procyon_cancrivorus,carrion,1.756604555047504,2,1
Procyon_cancrivorus,hard_invert,3.479103273544149,3,3
Procyon_cancrivorus,soft_invert,2.1080622048303757,2,1
Procyon_cancrivorus,seed,1.566802372033985,2,1
Procyon_cancrivorus,fruit,3.7675575407850532,4,4
Procyon_cancrivorus,root,1.2473761269055343,1,1
Procyon_cancrivorus,plant,1.9933309419231362,2,1
Procyon_lotor,large_mammal,1.0748302362809292,1,1
Procyon_lotor,small_mammal,2.2446513433099584,2,2
Procyon_lotor,bird,1.7899248798909742,2,2
Procyon_lotor,herptile,2.298416055448003,2,2
Procyon_lotor,fish,1.8365364478308936,2,2
Procyon_lotor,egg,1.5556248287251717,2,2
Procyon_lotor,carrion,1.7412653812768244,2,2
Procyon_lotor,hard_invert,3.5381266096270196,4,4
Procyon_lotor,soft_invert,2.1508694237665207,2,1
Procyon_lotor,seed,1.5850736649036063,2,4
Procyon_lotor,fruit,3.7794882666069323,4,4
Procyon_lotor,root,1.2466873351292007,1,1
Procyon_lotor,plant,2.006963178273092,2,2
Proteles_cristatus,large_mammal,3.510805525216891,4,1
Proteles_cristatus,small_mammal,2.701467567416814,3,1
Proteles_cristatus,bird,2.038316895012127,2,1
Proteles_cristatus,herptile,1.4366600591982635,1,1
Proteles_cristatus,fish,1.3605949450018595,1,1
Proteles_cristatus,egg,1.3554915582338656,1,1
Proteles_cristatus,carrion,1.9520496817813389,2,1
Proteles_cristatus,hard_invert,2.5175649810765925,3,4
Proteles_cristatus,soft_invert,1.9697422755126448,2,2
Proteles_cristatus,seed,1.0571227747803762,1,1
Proteles_cristatus,fruit,1.547825370582404,2,1
Proteles_cristatus,root,1.03165540414494,1,1
Proteles_cristatus,plant,1.3918655171881653,1,1
Pteronura_brasiliensis,large_mammal,2.0526310490167092,2,2
Pteronura_brasiliensis,small_mammal,2.615213981704903,3,2
Pteronura_brasiliensis,bird,1.9522220093143583,2,1
Pteronura_brasiliensis,herptile,2.3957602679982952,2,2
Pteronura_brasiliensis,fish,3.2555758362156073,3,4
Pteronura_brasiliensis,egg,1.3977936792178949,1,1
Pteronura_brasiliensis,carrion,1.6056480750377458,2,1
Pteronura_brasiliensis,hard_invert,2.383513540145548,2,2
Pteronura_brasiliensis,soft_invert,1.5165295707067905,2,1
Pteronura_brasiliensis,seed,1.2104554340010056,1,1
Pteronura_brasiliensis,fruit,1.6559880098147421,2,1
Pteronura_brasiliensis,root,1.1303674667773564,1,1
Pteronura_brasiliensis,plant,1.526932835150815,2,1
Puma_concolor,large_mammal,3.7695583108023563,4,4
Puma_concolor,small_mammal,3.124166572793031,3,4
Puma_concolor,bird,2.0795707000084693,2,2
Puma_concolor,herptile,1.7393806243681367,2,2
Puma_concolor,fish,1.3858683088817665,1,1
Puma_concolor,egg,1.327566026245939,1,1
Puma_concolor,carrion,1.5006178362695137,2,1
Puma_concolor,hard_invert,1.6437617145654417,2,1
Puma_concolor,soft_invert,1.150085812145009,1,1
Puma_concolor,seed,1.0512419871869405,1,1
Puma_concolor,fruit,1.3977842000296548,1,1
Puma_concolor,root,1.031308953344046,1,1
Puma_concolor,plant,1.7792850967949916,2,2
Speothos_venaticus,large_mammal,2.4057976994034838,2,4
Speothos_venaticus,small_mammal,3.7113156933232245,4,4
Speothos_venaticus,bird,2.699920043920074,3,3
Speothos_venaticus,herptile,2.192862128314434,2,3
Speothos_venaticus,fish,1.3673395668192125,1,1
Speothos_venaticus,egg,1.598209243651993,2,1
Speothos_venaticus,carrion,2.1323452339989677,2,1
Speothos_venaticus,hard_invert,2.2456430643481187,2,1
Speothos_venaticus,soft_invert,1.505159612726162,2,1
Speothos_venaticus,seed,1.2377305550735505,1,1
Speothos_venaticus,fruit,2.4970441673178856,2,2
Speothos_venaticus,root,1.0790377979485517,1,1
Speothos_venaticus,plant,1.5347845602514132,2,1
Spilogale_putorius,large_mammal,1.0294185055710794,1,1
Spilogale_putorius,small_mammal,3.471814642961486,3,4
Spilogale_putorius,bird,2.6184233820309974,3,3
Spilogale_putorius,herptile,2.7643543972877165,3,2
Spilogale_putorius,fish,1.1681663770857438,1,1
Spilogale_putorius,egg,1.8824576580542358,2,2
Spilogale_putorius,carrion,1.718808201967247,2,2
Spilogale_putorius,hard_invert,3.8585247100660247,4,4
Spilogale_putorius,soft_invert,3.714224847845024,4,4
Spilogale_putorius,seed,1.2821045695179607,1,1
Spilogale_putorius,fruit,2.558390011697631,3,2
Spilogale_putorius,root,1.1345188451577066,1,1
Spilogale_putorius,plant,1.9821379491282936,2,3
Taxidea_taxus,large_mammal,1.4192201942070957,1,1
Taxidea_taxus,small_mammal,3.080181390579397,3,4
Taxidea_taxus,bird,2.2030197107929808,2,3
Taxidea_taxus,herptile,2.3045671192398207,2,2
Taxidea_taxus,fish,2.1095181314793585,2,2
Taxidea_taxus,egg,1.7179629260625333,2,3
Taxidea_taxus,carrion,1.857042389284813,2,2
Taxidea_taxus,hard_invert,3.0026995611831993,3,3
Taxidea_taxus,soft_invert,2.260836812707321,2,2
Taxidea_taxus,seed,1.3250211557400116,1,2
Taxidea_taxus,fruit,1.760965589757047,2,1
Taxidea_taxus,root,1.1418776253622713,1,1
Taxidea_taxus,plant,1.708994069352799,2,2
Tremarctos_ornatus,large_mammal,2.1243861378411317,2,2
Tremarctos_ornatus,small_mammal,2.0556626356427867,2,2
Tremarctos_ornatus,bird,1.8008478295471706,2,2
Tremarctos_ornatus,herptile,1.2100775569959081,1,1
Tremarctos_ornatus,fish,1.6197905963620731,2,1
Tremarctos_ornatus,egg,1.3765383583359816,1,1
Tremarctos_ornatus,carrion,2.095165186413852,2,2
Tremarctos_ornatus,hard_invert,2.387215333371014,2,2
Tremarctos_ornatus,soft_invert,2.0054556794010177,2,2
Tremarctos_ornatus,seed,1.4490974870719269,1,1
Tremarctos_ornatus,fruit,3.446571000446276,3,4
Tremarctos_ornatus,root,1.542909919467655,2,1
Tremarctos_ornatus,plant,3.341800459700536,3,4
Uncia_uncia,large_mammal,3.6291590925622663,4,4
Uncia_uncia,small_mammal,3.4165408772521744,3,3
Uncia_uncia,bird,2.3107237913908705,2,3
Uncia_uncia,herptile,1.9267384634850317,2,1
Uncia_uncia,fish,1.5614109928114719,2,1
Uncia_uncia,egg,1.254812120734834,1,1
Uncia_uncia,carrion,1.6076477719260005,2,2
Uncia_uncia,hard_invert,1.703660837706676,2,1
Uncia_uncia,soft_invert,1.1461106284115985,1,1
Uncia_uncia,seed,1.0453345498575413,1,1
Uncia_uncia,fruit,1.6099590319911787,2,1
Uncia_uncia,root,1.029429901460978,1,1
Uncia_uncia,plant,1.772685149959965,2,2
Urocyon_cinereoargenteus,large_mammal,1.3028943146126315,1,1
Urocyon_cinereoargenteus,small_mammal,3.382395199384864,3,4
Urocyon_cinereoargenteus,bird,2.5162515708879813,3,3
Urocyon_cinereoargenteus,herptile,2.1970234977942855,2,1
Urocyon_cinereoargenteus,fish,1.407355408766368,1,1
Urocyon_cinereoargenteus,egg,1.6844019869900189,2,1
Urocyon_cinereoargenteus,carrion,2.1244264808697744,2,2
Urocyon_cinereoargenteus,hard_invert,3.2501271371256664,3,4
Urocyon_cinereoargenteus,soft_invert,2.1770542143355223,2,2
Urocyon_cinereoargenteus,seed,1.578113476648849,2,3
Urocyon_cinereoargenteus,fruit,3.3221478016521977,3,4
Urocyon_cinereoargenteus,root,1.1354595351574162,1,1
Urocyon_cinereoargenteus,plant,1.767153225627032,2,1
Ursus_arctos,large_mammal,2.620628769107104,3,4
Ursus_arctos,small_mammal,2.025784270096599,2,2
Ursus_arctos,bird,1.8160005628431877,2,2
Ursus_arctos,herptile,1.1471359766999387,1,1
Ursus_arctos,fish,2.0986446944960764,2,3
Ursus_arctos,egg,1.4837320941933028,1,2
Ursus_arctos,carrion,2.401341161985631,2,3
Ursus_arctos,hard_invert,2.489639541852376,2,2
Ursus_arctos,soft_invert,2.150781258433269,2,2
Ursus_arctos,seed,1.502582270644425,2,2
Ursus_arctos,fruit,3.3937082321099856,3,4
Ursus_arctos,root,1.7738602341745575,2,3
Ursus_arctos,plant,2.9263109936889893,3,4
Ursus_maritimus,large_mammal,3.0776926364423134,3,4
Ursus_maritimus,small_mammal,1.9921580099426563,2,2
Ursus_maritimus,bird,1.7709654939620483,2,2
Ursus_maritimus,herptile,1.140790321088143,1,1
Ursus_maritimus,fish,2.176081812814555,2,2
Ursus_maritimus,egg,1.3637302579105215,1,2
Ursus_maritimus,carrion,2.1991878405967156,2,3
Ursus_maritimus,hard_invert,2.0651858739151416,2,2
Ursus_maritimus,soft_invert,1.7554601017326328,2,2
Ursus_maritimus,seed,1.4372662133796679,1,1
Ursus_maritimus,fruit,2.9193880193369384,3,2
Ursus_maritimus,root,1.656173169884076,2,1
Ursus_maritimus,plant,2.78270907560489,3,2
Viverra_zibetha,large_mammal,1.411143442993287,1,1
Viverra_zibetha,small_mammal,2.9959099211311346,3,3
Viverra_zibetha,bird,2.2015644162097945,2,2
Viverra_zibetha,herptile,2.0553406270703967,2,2
Viverra_zibetha,fish,1.894527629526326,2,2
Viverra_zibetha,egg,1.7195092057144676,2,2
Viverra_zibetha,carrion,1.5392126075490806,2,1
Viverra_zibetha,hard_invert,3.100789070734555,3,2
Viverra_zibetha,soft_invert,2.352681364942405,2,2
Viverra_zibetha,seed,1.3299296753112773,1,1
Viverra_zibetha,fruit,3.601215893046841,4,4
Viverra_zibetha,root,1.0967692040247452,1,1
Viverra_zibetha,plant,1.7605648921265085,2,1
Viverricula_indica,large_mammal,1.090648957214208,1,1
Viverricula_indica,small_mammal,3.199179708314968,3,4
Viverricula_indica,bird,2.2775098814379287,2,2
Viverricula_indica,herptile,2.5618585235703746,3,2
Viverricula_indica,fish,1.7334372831189626,2,2
Viverricula_indica,egg,1.7340823510851722,2,1
Viverricula_indica,carrion,1.4319391216848378,1,1
Viverricula_indica,hard_invert,3.6531862109752145,4,4
Viverricula_indica,soft_invert,3.043093828665672,3,4
Viverricula_indica,seed,1.2422870912737363,1,1
Viverricula_indica,fruit,3.655937562860936,4,4
Viverricula_indica,root,1.1043903093693788,1,1
Viverricula_indica,plant,2.200199514971393,2,4
Vulpes_chama,large_mammal,1.2299029498364797,1,1
Vulpes_chama,small_mammal,3.4793857188047066,3,4
Vulpes_chama,bird,2.5999304635467344,3,3
Vulpes_chama,herptile,2.322654743362513,2,3
Vulpes_chama,fish,1.4275079003177371,1,1
Vulpes_chama,egg,1.7926019683557157,2,3
Vulpes_chama,carrion,1.9968866188144234,2,2
Vulpes_chama,hard_invert,3.105200308056775,3,3
Vulpes_chama,soft_invert,2.1877945638231737,2,3
Vulpes_chama,seed,1.4198291511324417,1,1
Vulpes_chama,fruit,2.6530857493746463,3,2
Vulpes_chama,root,1.1407755010115463,1,1
Vulpes_chama,plant,1.734132596719059,2,2
Vulpes_lagopus,large_mammal,1.5408304538903237,2,2
Vulpes_lagopus,small_mammal,3.7158821146229086,4,4
Vulpes_lagopus,bird,2.797943199906224,3,4
Vulpes_lagopus,herptile,2.2509142319474678,2,1
Vulpes_lagopus,fish,1.6632732278911888,2,3
Vulpes_lagopus,egg,1.6517646031415867,2,4
Vulpes_lagopus,carrion,2.1948522723618717,2,3
Vulpes_lagopus,hard_invert,2.713117788428042,3,3
Vulpes_lagopus,soft_invert,1.9708075214566774,2,3
Vulpes_lagopus,seed,1.3390066219814358,1,1
Vulpes_lagopus,fruit,2.3612694366520612,2,2
Vulpes_lagopus,root,1.1103611474696766,1,1
Vulpes_lagopus,plant,1.5948054087469077,2,1
Vulpes_macrotis,large_mammal,1.5620841939586723,2,1
Vulpes_macrotis,small_mammal,3.5970076764844006,4,4
Vulpes_macrotis,bird,2.6850845372613135,3,2
Vulpes_macrotis,herptile,2.1667393036719873,2,2
Vulpes_macrotis,fish,1.6085618805686697,2,1
Vulpes_macrotis,egg,1.7892575031828304,2,1
Vulpes_macrotis,carrion,2.1838458247432095,2,2
Vulpes_macrotis,hard_invert,2.839829431711999,3,2
Vulpes_macrotis,soft_invert,2.0116303263513204,2,1
Vulpes_macrotis,seed,1.4646516576028665,1,1
Vulpes_macrotis,fruit,2.429642649180861,2,2
Vulpes_macrotis,root,1.1124495102927614,1,1
Vulpes_macrotis,plant,1.7906396953198278,2,2
Vulpes_rueppellii,large_mammal,1.281434315737265,1,1
Vulpes_rueppellii,small_mammal,3.507711340660632,4,3
Vulpes_rueppellii,bird,2.641860414220804,3,3
Vulpes_rueppellii,herptile,2.327368326730087,2,3
Vulpes_rueppellii,fish,1.4474687182021846,1,1
Vulpes_rueppellii,egg,1.720413568298167,2,1
Vulpes_rueppellii,carrion,1.9923498081572228,2,1
Vulpes_rueppellii,hard_invert,3.1363083652997275,3,3
Vulpes_rueppellii,soft_invert,2.1987567022923757,2,1
Vulpes_rueppellii,seed,1.4419167142001126,1,1
Vulpes_rueppellii,fruit,2.699231168103645,3,3
Vulpes_rueppellii,root,1.1340510633200718,1,1
Vulpes_rueppellii,plant,1.858007323055368,2,3
Vulpes_velox,large_mammal,1.2712995657181734,1,1
Vulpes_velox,small_mammal,3.749836608913658,4,4
Vulpes_velox,bird,2.85152084350044,3,3
Vulpes_velox,herptile,2.3878084416070973,2,3
Vulpes_velox,fish,1.5477540721150695,2,2
Vulpes_velox,egg,1.6679456576459046,2,2
Vulpes_velox,carrion,2.163855782069303,2,3
Vulpes_velox,hard_invert,2.954411544503631,3,3
Vulpes_velox,soft_invert,2.1129891176612574,2,2
Vulpes_velox,seed,1.4121843506812475,1,2
Vulpes_velox,fruit,2.3996434125400192,2,2
Vulpes_velox,root,1.1218615150673106,1,1
Vulpes_velox,plant,1.5879434290405074,2,2
Vulpes_vulpes,large_mammal,1.5474269604265238,2,1
Vulpes_vulpes,small_mammal,3.539498534033252,4,4
Vulpes_vulpes,bird,2.6592033279924747,3,3
Vulpes_vulpes,herptile,2.163999935914584,2,1
Vulpes_vulpes,fish,1.5384926595282833,2,2
Vulpes_vulpes,egg,1.7640281037426047,2,2
Vulpes_vulpes,carrion,2.065561573242265,2,2
Vulpes_vulpes,hard_invert,2.8752505360691933,3,3
Vulpes_vulpes,soft_invert,2.0440859674835443,2,3
Vulpes_vulpes,seed,1.4551964566424038,1,3
Vulpes_vulpes,fruit,2.6952850537222695,3,3
Vulpes_vulpes,root,1.119183321912049,1,1
Vulpes_vulpes,plant,1.8341374187684563,2,1
Vulpes_zerda,large_mammal,1.0723146468926752,1,1
Vulpes_zerda,small_mammal,3.4644211178364945,3,3
Vulpes_zerda,bird,2.611429944321445,3,3
Vulpes_zerda,herptile,2.5267929379445424,3,3
Vulpes_zerda,fish,1.3277635294370242,1,1
Vulpes_zerda,egg,1.8390118710781704,2,2
Vulpes_zerda,carrion,1.922291904374078,2,1
Vulpes_zerda,hard_invert,3.4898820930240397,3,4
Vulpes_zerda,soft_invert,2.506984457050526,3,2
Vulpes_zerda,seed,1.4890250752467882,1,1
Vulpes_zerda,fruit,2.8489288460400357,3,3
Vulpes_zerda,root,1.1546196375711255,1,3
Vulpes_zerda,plant,1.6306708665805878,2,1
