Species,item,actual,pred,pareto_k,dif,pred_round,dif_round
Acinonyx_jubatus,bird,2,2.6333333333333333,0.088,0.6333333333333333,3,1
Acinonyx_jubatus,carrion,1,1,0.107,0,1,0
Acinonyx_jubatus,egg,1,1,0.07,0,1,0
Acinonyx_jubatus,fish,1,1,0.132,0,1,0
Acinonyx_jubatus,fruit,1,1,0.09,0,1,0
Acinonyx_jubatus,hard_invert,1,1,0.082,0,1,0
Acinonyx_jubatus,herptile,1,2.4365,0.16,1.4365,2,1
Acinonyx_jubatus,large_mammal,4,4,0.139,0,4,0
Acinonyx_jubatus,plant,1,1,0.12,0,1,0
Acinonyx_jubatus,root,1,1,0.366,0,1,0
Acinonyx_jubatus,seed,1,1,0.095,0,1,0
Acinonyx_jubatus,small_mammal,2,3.7350000000000003,0.087,1.7350000000000003,4,2
Acinonyx_jubatus,soft_invert,1,1,0.12,0,1,0
Ailuropoda_melanoleuca,bird,1,1.3333333333333333,0.113,0.33333333333333326,1,0
Ailuropoda_melanoleuca,carrion,1,1,0.15,0,1,0
Ailuropoda_melanoleuca,egg,1,1,0.154,0,1,0
Ailuropoda_melanoleuca,fish,2,1.9965,0.24,0.0035000000000000586,2,0
Ailuropoda_melanoleuca,fruit,1,2,0.233,1,2,1
Ailuropoda_melanoleuca,hard_invert,1,1.3373333333333333,0.222,0.33733333333333326,1,0
Ailuropoda_melanoleuca,herptile,1,1,0.187,0,1,0
Ailuropoda_melanoleuca,large_mammal,1,1,0.247,0,1,0
Ailuropoda_melanoleuca,plant,4,4,0.183,0,4,0
Ailuropoda_melanoleuca,root,1,1,0.433,0,1,0
Ailuropoda_melanoleuca,seed,1,1,0.216,0,1,0
Ailuropoda_melanoleuca,small_mammal,2,2,0.236,0,2,0
Ailuropoda_melanoleuca,soft_invert,1,1,0.206,0,1,0
Ailurus_fulgens,bird,2,2,0.111,0,2,0
Ailurus_fulgens,carrion,1,1,0.184,0,1,0
Ailurus_fulgens,egg,2,1,0.131,1,1,1
Ailurus_fulgens,fish,1,1,0.118,0,1,0
Ailurus_fulgens,fruit,2,2,0.19,0,2,0
Ailurus_fulgens,hard_invert,1,4,0.186,3,4,3
Ailurus_fulgens,herptile,1,2.999,0.189,1.999,3,2
Ailurus_fulgens,large_mammal,1,1,0.232,0,1,0
Ailurus_fulgens,plant,4,3.384666666666667,0.181,0.6153333333333331,3,1
Ailurus_fulgens,root,2,1,0.474,1,1,1
Ailurus_fulgens,seed,2,1,0.3,1,1,1
Ailurus_fulgens,small_mammal,2,2,0.159,0,2,0
Ailurus_fulgens,soft_invert,2,3.996,0.246,1.996,4,2
Arctictis_binturong,bird,3,2,0.134,1,2,1
Arctictis_binturong,carrion,3,1.005,0.157,1.995,1,2
Arctictis_binturong,egg,1,1,0.083,0,1,0
Arctictis_binturong,fish,2,1.5,0.177,0.5,2,0
Arctictis_binturong,fruit,4,4,0.104,0,4,0
Arctictis_binturong,hard_invert,3,3.6393333333333335,0.157,0.6393333333333335,4,1
Arctictis_binturong,herptile,1,2.019,0.247,1.0190000000000001,2,1
Arctictis_binturong,large_mammal,1,1,0.175,0,1,0
Arctictis_binturong,plant,3,2,0.159,1,2,1
Arctictis_binturong,root,1,1,0.405,0,1,0
Arctictis_binturong,seed,1,1,0.177,0,1,0
Arctictis_binturong,small_mammal,3,3.44,0.23,0.43999999999999995,3,0
Arctictis_binturong,soft_invert,3,1,0.226,2,1,2
Arctonyx_collaris,bird,2,2,0.129,0,2,0
Arctonyx_collaris,carrion,1,1,0.122,0,1,0
Arctonyx_collaris,egg,1,1,0.125,0,1,0
Arctonyx_collaris,fish,1,1.5,0.212,0.5,2,1
Arctonyx_collaris,fruit,4,4,0.226,0,4,0
Arctonyx_collaris,hard_invert,4,4,0.124,0,4,0
Arctonyx_collaris,herptile,2,3,0.179,1,3,1
Arctonyx_collaris,large_mammal,1,1,0.135,0,1,0
Arctonyx_collaris,plant,2,1,0.198,1,1,1
Arctonyx_collaris,root,2,1,0.394,1,1,1
Arctonyx_collaris,seed,2,1,0.198,1,1,1
Arctonyx_collaris,small_mammal,1,2,0.2,1,2,1
Arctonyx_collaris,soft_invert,4,3.305,0.158,0.6949999999999998,3,1
Atilax_paludinosus,bird,2,2.3333333333333335,0.094,0.3333333333333335,2,0
Atilax_paludinosus,carrion,2,1.258,0.099,0.742,1,1
Atilax_paludinosus,egg,2,1,0.187,1,1,1
Atilax_paludinosus,fish,2,1,0.299,1,1,1
Atilax_paludinosus,fruit,3,2.0486666666666666,0.152,0.9513333333333334,2,1
Atilax_paludinosus,hard_invert,4,3.6666666666666665,0.095,0.3333333333333335,4,0
Atilax_paludinosus,herptile,4,3,0.099,1,3,1
Atilax_paludinosus,large_mammal,1,1,0.143,0,1,0
Atilax_paludinosus,plant,1,1,0.122,0,1,0
Atilax_paludinosus,root,1,1,0.293,0,1,0
Atilax_paludinosus,seed,2,1,0.232,1,1,1
Atilax_paludinosus,small_mammal,4,4,0.14,0,4,0
Atilax_paludinosus,soft_invert,2,1.5,0.234,0.5,2,0
Bassariscus_astutus,bird,2,2.3113333333333332,0.133,0.31133333333333324,2,0
Bassariscus_astutus,carrion,2,1,0.168,1,1,1
Bassariscus_astutus,egg,1,1,0.108,0,1,0
Bassariscus_astutus,fish,2,1,0.245,1,1,1
Bassariscus_astutus,fruit,4,4,0.145,0,4,0
Bassariscus_astutus,hard_invert,4,4,0.196,0,4,0
Bassariscus_astutus,herptile,2,3,0.154,1,3,1
Bassariscus_astutus,large_mammal,1,1,0.261,0,1,0
Bassariscus_astutus,plant,3,2,0.178,1,2,1
Bassariscus_astutus,root,1,1,0.459,0,1,0
Bassariscus_astutus,seed,2,1,0.227,1,1,1
Bassariscus_astutus,small_mammal,4,3,0.164,1,3,1
Bassariscus_astutus,soft_invert,4,4,0.183,0,4,0
Bdeogale_jacksoni,bird,3,1.766,0.14,1.234,2,1
Bdeogale_jacksoni,carrion,3,1.324,0.114,1.676,1,2
Bdeogale_jacksoni,egg,3,1.021,0.103,1.979,1,2
Bdeogale_jacksoni,fish,1,1,0.134,0,1,0
Bdeogale_jacksoni,fruit,1,1.9926666666666666,0.14,0.9926666666666666,2,1
Bdeogale_jacksoni,hard_invert,4,4,0.07,0,4,0
Bdeogale_jacksoni,herptile,3,3,0.102,0,3,0
Bdeogale_jacksoni,large_mammal,1,1,0.19,0,1,0
Bdeogale_jacksoni,plant,1,1,0.087,0,1,0
Bdeogale_jacksoni,root,1,1,0.322,0,1,0
Bdeogale_jacksoni,seed,1,1,0.096,0,1,0
Bdeogale_jacksoni,small_mammal,4,2.515,0.23,1.4849999999999999,3,1
Bdeogale_jacksoni,soft_invert,2,3,0.159,1,3,1
Canis_adustus,bird,2,2.713,0.097,0.7130000000000001,3,1
Canis_adustus,carrion,2,2,0.103,0,2,0
Canis_adustus,egg,2,1,0.059,1,1,1
Canis_adustus,fish,1,1,0.195,0,1,0
Canis_adustus,fruit,4,3.5396666666666667,0.091,0.46033333333333326,4,0
Canis_adustus,hard_invert,4,3,0.073,1,3,1
Canis_adustus,herptile,2,2.948,0.154,0.948,3,1
Canis_adustus,large_mammal,1,1,0.112,0,1,0
Canis_adustus,plant,2,2,0.098,0,2,0
Canis_adustus,root,1,1,0.325,0,1,0
Canis_adustus,seed,2,1,0.07,1,1,1
Canis_adustus,small_mammal,4,4,0.19,0,4,0
Canis_adustus,soft_invert,3,1,0.172,2,1,2
Canis_aureus,bird,3,3,0.102,0,3,0
Canis_aureus,carrion,3,2.107,0.079,0.8929999999999998,2,1
Canis_aureus,egg,1,1,0.062,0,1,0
Canis_aureus,fish,2,1.032,0.124,0.968,1,1
Canis_aureus,fruit,3,2.5196666666666667,0.09,0.4803333333333333,3,0
Canis_aureus,hard_invert,2,2.846,0.097,0.8460000000000001,3,1
Canis_aureus,herptile,2,2.9025,0.068,0.9024999999999999,3,1
Canis_aureus,large_mammal,2,1,0.05,1,1,1
Canis_aureus,plant,1,1.107,0.06,0.10699999999999998,1,0
Canis_aureus,root,1,1,0.1,0,1,0
Canis_aureus,seed,2,1,0.123,1,1,1
Canis_aureus,small_mammal,4,4,0.153,0,4,0
Canis_aureus,soft_invert,1,1,0.037,0,1,0
Canis_latrans,bird,3,3,0.076,0,3,0
Canis_latrans,carrion,3,2.0496666666666665,0.075,0.9503333333333335,2,1
Canis_latrans,egg,1,1,0.035,0,1,0
Canis_latrans,fish,3,1,0.127,2,1,2
Canis_latrans,fruit,3,2.317,0.099,0.6829999999999998,2,1
Canis_latrans,hard_invert,3,2.3223333333333334,0.105,0.6776666666666666,2,1
Canis_latrans,herptile,3,2.743,0.11,0.2570000000000001,3,0
Canis_latrans,large_mammal,3,2.019,0.104,0.9809999999999999,2,1
Canis_latrans,plant,2,1.9693333333333334,0.059,0.03066666666666662,2,0
Canis_latrans,root,1,1,0.147,0,1,0
Canis_latrans,seed,1,1,0.105,0,1,0
Canis_latrans,small_mammal,4,4,0.119,0,4,0
Canis_latrans,soft_invert,1,1,0.083,0,1,0
Canis_lupus,bird,3,2,0.062,1,2,1
Canis_lupus,carrion,2,2.001,0.097,9.999999999998899e-4,2,0
Canis_lupus,egg,2,1,0.082,1,1,1
Canis_lupus,fish,2,1,0.146,1,1,1
Canis_lupus,fruit,2,2.001,0.056,9.999999999998899e-4,2,0
Canis_lupus,hard_invert,2,1.9996666666666667,0.072,3.333333333332966e-4,2,0
Canis_lupus,herptile,2,1,0.067,1,1,1
Canis_lupus,large_mammal,4,4,0.103,0,4,0
Canis_lupus,plant,2,1.68,0.095,0.32000000000000006,2,0
Canis_lupus,root,1,1,0.259,0,1,0
Canis_lupus,seed,1,1,0.077,0,1,0
Canis_lupus,small_mammal,3,4,0.156,1,4,1
Canis_lupus,soft_invert,1,1,0.053,0,1,0
Canis_mesomelas,bird,3,3,0.082,0,3,0
Canis_mesomelas,carrion,3,2.003,0.078,0.9969999999999999,2,1
Canis_mesomelas,egg,1,1,0.109,0,1,0
Canis_mesomelas,fish,1,1,0.128,0,1,0
Canis_mesomelas,fruit,3,2.985,0.12,0.015000000000000124,3,0
Canis_mesomelas,hard_invert,3,2.994,0.066,0.005999999999999783,3,0
Canis_mesomelas,herptile,3,2.9844999999999997,0.035,0.015500000000000291,3,0
Canis_mesomelas,large_mammal,3,1.0535,0.091,1.9465,1,2
Canis_mesomelas,plant,3,2,0.13,1,2,1
Canis_mesomelas,root,1,1,0.163,0,1,0
Canis_mesomelas,seed,1,1,0.065,0,1,0
Canis_mesomelas,small_mammal,3,4,0.118,1,4,1
Canis_mesomelas,soft_invert,1,1,0.039,0,1,0
Canis_simensis,bird,2,2.9833333333333334,0.055,0.9833333333333334,3,1
Canis_simensis,carrion,1,2,0.106,1,2,1
Canis_simensis,egg,2,1,0.064,1,1,1
Canis_simensis,fish,1,1,0.169,0,1,0
Canis_simensis,fruit,1,2,0.143,1,2,1
Canis_simensis,hard_invert,1,2,0.076,1,2,1
Canis_simensis,herptile,1,2,0.08,1,2,1
Canis_simensis,large_mammal,2,3.0015,0.09,1.0015,3,1
Canis_simensis,plant,2,1.33,0.079,0.6699999999999999,1,1
Canis_simensis,root,1,1,0.276,0,1,0
Canis_simensis,seed,1,1,0.118,0,1,0
Canis_simensis,small_mammal,4,4,0.118,0,4,0
Canis_simensis,soft_invert,1,1,0.109,0,1,0
Caracal_caracal,bird,4,3,0.092,1,3,1
Caracal_caracal,carrion,2,1,0.117,1,1,1
Caracal_caracal,egg,1,1,0.066,0,1,0
Caracal_caracal,fish,2,1,0.215,1,1,1
Caracal_caracal,fruit,2,1,0.111,1,1,1
Caracal_caracal,hard_invert,2,1.0066666666666666,0.088,0.9933333333333334,1,1
Caracal_caracal,herptile,2,2,0.095,0,2,0
Caracal_caracal,large_mammal,3,4,0.098,1,4,1
Caracal_caracal,plant,2,1.28,0.096,0.72,1,1
Caracal_caracal,root,1,1,0.306,0,1,0
Caracal_caracal,seed,1,1,0.09,0,1,0
Caracal_caracal,small_mammal,4,4,0.149,0,4,0
Caracal_caracal,soft_invert,1,1,0.097,0,1,0
Catopuma_temminckii,bird,2,3,0.069,1,3,1
Catopuma_temminckii,carrion,1,1,0.077,0,1,0
Catopuma_temminckii,egg,1,1,-0.007,0,1,0
Catopuma_temminckii,fish,1,1,0.134,0,1,0
Catopuma_temminckii,fruit,1,1,0.15,0,1,0
Catopuma_temminckii,hard_invert,1,1.352,0.114,0.3520000000000001,1,0
Catopuma_temminckii,herptile,3,3,0.135,0,3,0
Catopuma_temminckii,large_mammal,4,2.7784999999999997,0.113,1.2215000000000003,3,1
Catopuma_temminckii,plant,1,1,0.111,0,1,0
Catopuma_temminckii,root,1,1,0.264,0,1,0
Catopuma_temminckii,seed,1,1,0.043,0,1,0
Catopuma_temminckii,small_mammal,4,4,0.176,0,4,0
Catopuma_temminckii,soft_invert,1,1,0.163,0,1,0
Cerdocyon_thous,bird,3,3,0.05,0,3,0
Cerdocyon_thous,carrion,3,2,0.09,1,2,1
Cerdocyon_thous,egg,2,1,0.081,1,1,1
Cerdocyon_thous,fish,2,1,0.084,1,1,1
Cerdocyon_thous,fruit,3,3.698666666666667,0.092,0.698666666666667,4,1
Cerdocyon_thous,hard_invert,3,3,0.051,0,3,0
Cerdocyon_thous,herptile,3,2.9684999999999997,0.038,0.031500000000000306,3,0
Cerdocyon_thous,large_mammal,1,1,0.034,0,1,0
Cerdocyon_thous,plant,2,1,0.114,1,1,1
Cerdocyon_thous,root,1,1,0.206,0,1,0
Cerdocyon_thous,seed,1,1,0.151,0,1,0
Cerdocyon_thous,small_mammal,3,4,0.191,1,4,1
Cerdocyon_thous,soft_invert,1,1,0.103,0,1,0
Chrysocyon_brachyurus,bird,3,2.6666666666666665,0.034,0.3333333333333335,3,0
Chrysocyon_brachyurus,carrion,1,1.7493333333333339,0.128,0.7493333333333339,2,1
Chrysocyon_brachyurus,egg,1,1,0.083,0,1,0
Chrysocyon_brachyurus,fish,1,1,0.153,0,1,0
Chrysocyon_brachyurus,fruit,4,3.351,0.14,0.649,3,1
Chrysocyon_brachyurus,hard_invert,3,2.1726666666666667,0.091,0.8273333333333333,2,1
Chrysocyon_brachyurus,herptile,3,2.177,0.079,0.823,2,1
Chrysocyon_brachyurus,large_mammal,2,3.995,0.137,1.995,4,2
Chrysocyon_brachyurus,plant,1,1,0.112,0,1,0
Chrysocyon_brachyurus,root,1,1,0.224,0,1,0
Chrysocyon_brachyurus,seed,1,1,0.102,0,1,0
Chrysocyon_brachyurus,small_mammal,4,4,0.136,0,4,0
Chrysocyon_brachyurus,soft_invert,1,1,0.076,0,1,0
Civettictis_civetta,bird,3,2.356,0.081,0.6440000000000001,2,1
Civettictis_civetta,carrion,3,1,0.149,2,1,2
Civettictis_civetta,egg,3,1,0.14,2,1,2
Civettictis_civetta,fish,2,2,0.169,0,2,0
Civettictis_civetta,fruit,3,4,0.189,1,4,1
Civettictis_civetta,hard_invert,3,3.6666666666666665,0.097,0.6666666666666665,4,1
Civettictis_civetta,herptile,3,2.9555,0.16,0.044500000000000206,3,0
Civettictis_civetta,large_mammal,1,1,0.151,0,1,0
Civettictis_civetta,plant,3,2,0.138,1,2,1
Civettictis_civetta,root,1,1,0.357,0,1,0
Civettictis_civetta,seed,1,1,0.186,0,1,0
Civettictis_civetta,small_mammal,3,3.41,0.241,0.41000000000000014,3,0
Civettictis_civetta,soft_invert,3,1.553,0.19,1.447,2,1
Conepatus_mesoleucus,bird,2,2.2976666666666667,0.11,0.29766666666666675,2,0
Conepatus_mesoleucus,carrion,2,1,0.175,1,1,1
Conepatus_mesoleucus,egg,2,1,0.101,1,1,1
Conepatus_mesoleucus,fish,1,1,0.246,0,1,0
Conepatus_mesoleucus,fruit,3,3,0.134,0,3,0
Conepatus_mesoleucus,hard_invert,4,4,0.152,0,4,0
Conepatus_mesoleucus,herptile,2,3,0.108,1,3,1
Conepatus_mesoleucus,large_mammal,1,1,0.277,0,1,0
Conepatus_mesoleucus,plant,1,1,0.177,0,1,0
Conepatus_mesoleucus,root,1,1,0.336,0,1,0
Conepatus_mesoleucus,seed,2,1,0.236,1,1,1
Conepatus_mesoleucus,small_mammal,2,2.0355,0.201,0.035499999999999865,2,0
Conepatus_mesoleucus,soft_invert,4,4,0.147,0,4,0
Crocuta_crocuta,bird,2,2,0.117,0,2,0
Crocuta_crocuta,carrion,3,3,0.107,0,3,0
Crocuta_crocuta,egg,2,1,0.107,1,1,1
Crocuta_crocuta,fish,2,1,0.281,1,1,1
Crocuta_crocuta,fruit,2,2,0.115,0,2,0
Crocuta_crocuta,hard_invert,2,2.4406666666666665,0.119,0.44066666666666654,2,0
Crocuta_crocuta,herptile,2,2.4405,0.098,0.4405000000000001,2,0
Crocuta_crocuta,large_mammal,4,4,0.234,0,4,0
Crocuta_crocuta,plant,1,1,0.146,0,1,0
Crocuta_crocuta,root,1,1,0.387,0,1,0
Crocuta_crocuta,seed,1,1,0.101,0,1,0
Crocuta_crocuta,small_mammal,2,2,0.087,0,2,0
Crocuta_crocuta,soft_invert,2,1,0.241,1,1,1
Cryptoprocta_ferox,bird,3,3,0.101,0,3,0
Cryptoprocta_ferox,carrion,1,1,0.134,0,1,0
Cryptoprocta_ferox,egg,2,1,0.092,1,1,1
Cryptoprocta_ferox,fish,1,1,0.251,0,1,0
Cryptoprocta_ferox,fruit,1,1,0.145,0,1,0
Cryptoprocta_ferox,hard_invert,3,2.653666666666667,0.092,0.34633333333333294,3,0
Cryptoprocta_ferox,herptile,3,3,0.152,0,3,0
Cryptoprocta_ferox,large_mammal,2,1.4905,0.219,0.5095000000000001,1,1
Cryptoprocta_ferox,plant,1,1,0.124,0,1,0
Cryptoprocta_ferox,root,1,1,0.368,0,1,0
Cryptoprocta_ferox,seed,1,1,0.083,0,1,0
Cryptoprocta_ferox,small_mammal,4,4,0.188,0,4,0
Cryptoprocta_ferox,soft_invert,1,1,0.229,0,1,0
Cuon_alpinus,bird,2,3,0.046,1,3,1
Cuon_alpinus,carrion,2,2,0.113,0,2,0
Cuon_alpinus,egg,1,1,0.026,0,1,0
Cuon_alpinus,fish,1,1,0.119,0,1,0
Cuon_alpinus,fruit,2,2,0.118,0,2,0
Cuon_alpinus,hard_invert,2,2,0.07,0,2,0
Cuon_alpinus,herptile,2,1.989,0.072,0.010999999999999899,2,0
Cuon_alpinus,large_mammal,4,4,0.046,0,4,0
Cuon_alpinus,plant,2,1,0.067,1,1,1
Cuon_alpinus,root,1,1,0.296,0,1,0
Cuon_alpinus,seed,1,1,0.108,0,1,0
Cuon_alpinus,small_mammal,3,4,0.098,1,4,1
Cuon_alpinus,soft_invert,1,1,0.07,0,1,0
Cynictis_penicillata,bird,3,2.3306666666666667,0.097,0.6693333333333333,2,1
Cynictis_penicillata,carrion,2,1.0003333333333333,0.069,0.9996666666666667,1,1
Cynictis_penicillata,egg,2,1.6986666666666665,0.071,0.30133333333333345,2,0
Cynictis_penicillata,fish,1,1,0.154,0,1,0
Cynictis_penicillata,fruit,2,2,0.118,0,2,0
Cynictis_penicillata,hard_invert,4,4,0.091,0,4,0
Cynictis_penicillata,herptile,3,3,0.123,0,3,0
Cynictis_penicillata,large_mammal,1,1,0.182,0,1,0
Cynictis_penicillata,plant,2,1,0.164,1,1,1
Cynictis_penicillata,root,1,1,0.17,0,1,0
Cynictis_penicillata,seed,2,1,0.105,1,1,1
Cynictis_penicillata,small_mammal,3,3,0.16,0,3,0
Cynictis_penicillata,soft_invert,4,4,0.164,0,4,0
Eira_barbara,bird,3,2.6773333333333333,0.101,0.32266666666666666,3,0
Eira_barbara,carrion,3,2.5853333333333337,0.06,0.4146666666666663,3,0
Eira_barbara,egg,1,1,0.12,0,1,0
Eira_barbara,fish,1,1,0.24,0,1,0
Eira_barbara,fruit,4,2.615333333333333,0.092,1.384666666666667,3,1
Eira_barbara,hard_invert,3,2.671666666666667,0.102,0.32833333333333314,3,0
Eira_barbara,herptile,3,2.939,0.203,0.06099999999999994,3,0
Eira_barbara,large_mammal,2,1,0.236,1,1,1
Eira_barbara,plant,1,1,0.116,0,1,0
Eira_barbara,root,1,1,0.316,0,1,0
Eira_barbara,seed,1,1,0.098,0,1,0
Eira_barbara,small_mammal,4,4,0.119,0,4,0
Eira_barbara,soft_invert,3,1.832,0.146,1.168,2,1
Enhydra_lutris,bird,1,2,0.122,1,2,1
Enhydra_lutris,carrion,1,1,0.132,0,1,0
Enhydra_lutris,egg,1,1,0.093,0,1,0
Enhydra_lutris,fish,4,4,0.123,0,4,0
Enhydra_lutris,fruit,1,1,0.178,0,1,0
Enhydra_lutris,hard_invert,4,3.6666666666666665,0.103,0.3333333333333335,4,0
Enhydra_lutris,herptile,1,2,0.216,1,2,1
Enhydra_lutris,large_mammal,1,1,0.141,0,1,0
Enhydra_lutris,plant,1,1,0.118,0,1,0
Enhydra_lutris,root,1,1,0.188,0,1,0
Enhydra_lutris,seed,1,1,0.124,0,1,0
Enhydra_lutris,small_mammal,1,2,0.157,1,2,1
Enhydra_lutris,soft_invert,3,1,0.202,2,1,2
Felis_silvestris,bird,2,3,0.089,1,3,1
Felis_silvestris,carrion,1,1,0.124,0,1,0
Felis_silvestris,egg,1,1,0.064,0,1,0
Felis_silvestris,fish,2,1,0.209,1,1,1
Felis_silvestris,fruit,2,1,0.129,1,1,1
Felis_silvestris,hard_invert,2,1.2656666666666667,0.12,0.7343333333333333,1,1
Felis_silvestris,herptile,2,2.505,0.151,0.5049999999999999,3,1
Felis_silvestris,large_mammal,1,1.436,0.2,0.43599999999999994,1,0
Felis_silvestris,plant,2,1,0.118,1,1,1
Felis_silvestris,root,1,1,0.325,0,1,0
Felis_silvestris,seed,1,1,0.053,0,1,0
Felis_silvestris,small_mammal,4,4,0.139,0,4,0
Felis_silvestris,soft_invert,1,1,0.166,0,1,0
Fossa_fossana,bird,1,2,0.044,1,2,1
Fossa_fossana,carrion,1,1,0.144,0,1,0
Fossa_fossana,egg,1,1.001,0.154,9.999999999998899e-4,1,0
Fossa_fossana,fish,1,1,0.141,0,1,0
Fossa_fossana,fruit,1,1,0.147,0,1,0
Fossa_fossana,hard_invert,4,4,0.128,0,4,0
Fossa_fossana,herptile,3,3,0.146,0,3,0
Fossa_fossana,large_mammal,1,1,0.165,0,1,0
Fossa_fossana,plant,1,1,0.136,0,1,0
Fossa_fossana,root,1,1,0.282,0,1,0
Fossa_fossana,seed,1,1,0.188,0,1,0
Fossa_fossana,small_mammal,3,2.391,0.211,0.609,2,1
Fossa_fossana,soft_invert,1,2.5,0.251,1.5,2,1
Galictis_cuja,bird,3,2.998666666666667,0.099,0.0013333333333331865,3,0
Galictis_cuja,carrion,1,1,0.106,0,1,0
Galictis_cuja,egg,2,1,0.097,1,1,1
Galictis_cuja,fish,1,1,0.207,0,1,0
Galictis_cuja,fruit,2,1.3336666666666666,0.151,0.6663333333333334,1,1
Galictis_cuja,hard_invert,2,3,0.114,1,3,1
Galictis_cuja,herptile,3,3,0.116,0,3,0
Galictis_cuja,large_mammal,1,1,0.139,0,1,0
Galictis_cuja,plant,1,1,0.132,0,1,0
Galictis_cuja,root,1,1,0.231,0,1,0
Galictis_cuja,seed,1,1,0.097,0,1,0
Galictis_cuja,small_mammal,4,4,0.184,0,4,0
Galictis_cuja,soft_invert,1,1.023,0.167,0.02299999999999991,1,0
Gulo_gulo,bird,2,2.0416666666666665,0.072,0.04166666666666652,2,0
Gulo_gulo,carrion,4,3,0.13,1,3,1
Gulo_gulo,egg,1,1,0.089,0,1,0
Gulo_gulo,fish,2,2,0.212,0,2,0
Gulo_gulo,fruit,2,2,0.154,0,2,0
Gulo_gulo,hard_invert,1,2,0.108,1,2,1
Gulo_gulo,herptile,1,1.9880000000000002,0.152,0.9880000000000002,2,1
Gulo_gulo,large_mammal,2,1,0.129,1,1,1
Gulo_gulo,plant,1,1,0.115,0,1,0
Gulo_gulo,root,1,1,0.316,0,1,0
Gulo_gulo,seed,1,1,0.138,0,1,0
Gulo_gulo,small_mammal,4,4,0.138,0,4,0
Gulo_gulo,soft_invert,2,1.0005,0.152,0.9995,1,1
Helarctos_malayanus,bird,1,1.3333333333333333,0.091,0.33333333333333326,1,0
Helarctos_malayanus,carrion,1,1.0003333333333333,0.135,3.333333333332966e-4,1,0
Helarctos_malayanus,egg,1,1,0.05,0,1,0
Helarctos_malayanus,fish,2,1.5345,0.163,0.4655,2,0
Helarctos_malayanus,fruit,4,4,0.074,0,4,0
Helarctos_malayanus,hard_invert,4,3.9203333333333332,0.078,0.07966666666666677,4,0
Helarctos_malayanus,herptile,1,1,0.117,0,1,0
Helarctos_malayanus,large_mammal,1,1,0.156,0,1,0
Helarctos_malayanus,plant,2,2.0566666666666666,0.123,0.05666666666666664,2,0
Helarctos_malayanus,root,2,1,0.262,1,1,1
Helarctos_malayanus,seed,1,1,0.074,0,1,0
Helarctos_malayanus,small_mammal,2,2,0.097,0,2,0
Helarctos_malayanus,soft_invert,4,4,0.148,0,4,0
Helogale_parvula,bird,1,1.8519999999999999,0.134,0.8519999999999999,2,1
Helogale_parvula,carrion,1,1,0.117,0,1,0
Helogale_parvula,egg,2,1.593,0.128,0.40700000000000003,2,0
Helogale_parvula,fish,1,1,0.145,0,1,0
Helogale_parvula,fruit,2,1.9996666666666667,0.103,3.333333333332966e-4,2,0
Helogale_parvula,hard_invert,4,4,0.159,0,4,0
Helogale_parvula,herptile,2,3,0.187,1,3,1
Helogale_parvula,large_mammal,1,1,0.295,0,1,0
Helogale_parvula,plant,1,1,0.126,0,1,0
Helogale_parvula,root,1,1,0.302,0,1,0
Helogale_parvula,seed,1,1,0.134,0,1,0
Helogale_parvula,small_mammal,2,4,0.171,2,4,2
Helogale_parvula,soft_invert,4,4,0.206,0,4,0
Hyaena_hyaena,bird,3,2.3333333333333335,0.111,0.6666666666666665,2,1
Hyaena_hyaena,carrion,4,3,0.117,1,3,1
Hyaena_hyaena,egg,1,1,0.127,0,1,0
Hyaena_hyaena,fish,1,1,0.13,0,1,0
Hyaena_hyaena,fruit,3,2,0.129,1,2,1
Hyaena_hyaena,hard_invert,3,2.7006666666666668,0.073,0.29933333333333323,3,0
Hyaena_hyaena,herptile,3,3,0.167,0,3,0
Hyaena_hyaena,large_mammal,2,2.5975,0.129,0.5975000000000001,3,1
Hyaena_hyaena,plant,1,1,0.098,0,1,0
Hyaena_hyaena,root,1,1,0.166,0,1,0
Hyaena_hyaena,seed,1,1,0.199,0,1,0
Hyaena_hyaena,small_mammal,2,2,0.13,0,2,0
Hyaena_hyaena,soft_invert,1,1,0.193,0,1,0
Hydrictis_maculicollis,bird,2,2.0036666666666667,0.064,0.003666666666666707,2,0
Hydrictis_maculicollis,carrion,1,1,0.07,0,1,0
Hydrictis_maculicollis,egg,1,1,0.048,0,1,0
Hydrictis_maculicollis,fish,4,4,0.111,0,4,0
Hydrictis_maculicollis,fruit,1,1,0.129,0,1,0
Hydrictis_maculicollis,hard_invert,4,4,0.048,0,4,0
Hydrictis_maculicollis,herptile,3,3,0.12,0,3,0
Hydrictis_maculicollis,large_mammal,1,1,0.059,0,1,0
Hydrictis_maculicollis,plant,1,1,0.127,0,1,0
Hydrictis_maculicollis,root,1,1,0.354,0,1,0
Hydrictis_maculicollis,seed,1,1,0.082,0,1,0
Hydrictis_maculicollis,small_mammal,1,2.8345,0.137,1.8344999999999998,3,2
Hydrictis_maculicollis,soft_invert,2,2.5,0.147,0.5,2,0
Ichneumia_albicauda,bird,1,2.3016666666666667,0.078,1.3016666666666667,2,1
Ichneumia_albicauda,carrion,2,1,0.08,1,1,1
Ichneumia_albicauda,egg,1,1.0006666666666666,0.133,6.666666666665932e-4,1,0
Ichneumia_albicauda,fish,1,1,0.2,0,1,0
Ichneumia_albicauda,fruit,2,1.9873333333333334,0.134,0.012666666666666604,2,0
Ichneumia_albicauda,hard_invert,4,4,0.091,0,4,0
Ichneumia_albicauda,herptile,3,3,0.077,0,3,0
Ichneumia_albicauda,large_mammal,1,1,0.117,0,1,0
Ichneumia_albicauda,plant,1,1,0.111,0,1,0
Ichneumia_albicauda,root,1,1,0.266,0,1,0
Ichneumia_albicauda,seed,1,1,0.141,0,1,0
Ichneumia_albicauda,small_mammal,2,2,0.165,0,2,0
Ichneumia_albicauda,soft_invert,4,4,0.149,0,4,0
Leopardus_wiedii,bird,4,3,0.081,1,3,1
Leopardus_wiedii,carrion,1,1,0.086,0,1,0
Leopardus_wiedii,egg,1,1,0.036,0,1,0
Leopardus_wiedii,fish,1,1,0.16,0,1,0
Leopardus_wiedii,fruit,2,1,0.122,1,1,1
Leopardus_wiedii,hard_invert,2,1.1296666666666666,0.11,0.8703333333333334,1,1
Leopardus_wiedii,herptile,3,2.9835,0.055,0.01650000000000018,3,0
Leopardus_wiedii,large_mammal,1,1,0.154,0,1,0
Leopardus_wiedii,plant,1,1,0.097,0,1,0
Leopardus_wiedii,root,1,1,0.292,0,1,0
Leopardus_wiedii,seed,1,1,0.114,0,1,0
Leopardus_wiedii,small_mammal,4,4,0.132,0,4,0
Leopardus_wiedii,soft_invert,1,1,0.107,0,1,0
Leptailurus_serval,bird,3,3,0.081,0,3,0
Leptailurus_serval,carrion,1,1,0.088,0,1,0
Leptailurus_serval,egg,1,1,0.089,0,1,0
Leptailurus_serval,fish,1,1,0.128,0,1,0
Leptailurus_serval,fruit,1,1,0.108,0,1,0
Leptailurus_serval,hard_invert,3,1.3039999999999998,0.115,1.6960000000000002,1,2
Leptailurus_serval,herptile,3,2.9995,0.047,5.00000000000167e-4,3,0
Leptailurus_serval,large_mammal,2,1,0.152,1,1,1
Leptailurus_serval,plant,2,1,0.094,1,1,1
Leptailurus_serval,root,1,1,0.324,0,1,0
Leptailurus_serval,seed,1,1,0.128,0,1,0
Leptailurus_serval,small_mammal,4,4,0.088,0,4,0
Leptailurus_serval,soft_invert,1,1,0.104,0,1,0
Lontra_canadensis,bird,2,2,0.104,0,2,0
Lontra_canadensis,carrion,1,1,0.091,0,1,0
Lontra_canadensis,egg,1,1,0.053,0,1,0
Lontra_canadensis,fish,4,4,0.152,0,4,0
Lontra_canadensis,fruit,2,1.6763333333333335,0.163,0.32366666666666655,2,0
Lontra_canadensis,hard_invert,4,4,0.136,0,4,0
Lontra_canadensis,herptile,3,3,0.078,0,3,0
Lontra_canadensis,large_mammal,1,1,0.155,0,1,0
Lontra_canadensis,plant,2,1,0.127,1,1,1
Lontra_canadensis,root,1,1,0.203,0,1,0
Lontra_canadensis,seed,1,1,0.08,0,1,0
Lontra_canadensis,small_mammal,2,2,0.183,0,2,0
Lontra_canadensis,soft_invert,2,1,0.164,1,1,1
Lutra_lutra,bird,3,2,0.088,1,2,1
Lutra_lutra,carrion,1,1,0.084,0,1,0
Lutra_lutra,egg,1,1,0.084,0,1,0
Lutra_lutra,fish,4,4,0.103,0,4,0
Lutra_lutra,fruit,2,1.3333333333333333,0.143,0.6666666666666667,1,1
Lutra_lutra,hard_invert,4,3.888333333333333,0.103,0.1116666666666668,4,0
Lutra_lutra,herptile,4,3,0.101,1,3,1
Lutra_lutra,large_mammal,1,1,0.124,0,1,0
Lutra_lutra,plant,1,1,0.1,0,1,0
Lutra_lutra,root,1,1,0.424,0,1,0
Lutra_lutra,seed,1,1,0.073,0,1,0
Lutra_lutra,small_mammal,3,2.1395,0.195,0.8605,2,1
Lutra_lutra,soft_invert,1,1,0.127,0,1,0
Lutrogale_perspicillata,bird,2,2,0.075,0,2,0
Lutrogale_perspicillata,carrion,1,1,0.083,0,1,0
Lutrogale_perspicillata,egg,1,1,0.077,0,1,0
Lutrogale_perspicillata,fish,4,4,0.087,0,4,0
Lutrogale_perspicillata,fruit,1,1,0.08,0,1,0
Lutrogale_perspicillata,hard_invert,3,3.360333333333333,0.129,0.36033333333333317,3,0
Lutrogale_perspicillata,herptile,3,3,0.105,0,3,0
Lutrogale_perspicillata,large_mammal,1,1,0.158,0,1,0
Lutrogale_perspicillata,plant,1,1,0.123,0,1,0
Lutrogale_perspicillata,root,1,1,0.389,0,1,0
Lutrogale_perspicillata,seed,1,1,0.112,0,1,0
Lutrogale_perspicillata,small_mammal,3,2.024,0.224,0.976,2,1
Lutrogale_perspicillata,soft_invert,2,1,0.137,1,1,1
Lycalopex_culpaeus,bird,2,3,0.04,1,3,1
Lycalopex_culpaeus,carrion,2,2,0.09,0,2,0
Lycalopex_culpaeus,egg,2,1,0.028,1,1,1
Lycalopex_culpaeus,fish,1,1,0.094,0,1,0
Lycalopex_culpaeus,fruit,3,3.054333333333333,0.114,0.05433333333333312,3,0
Lycalopex_culpaeus,hard_invert,2,2.667666666666667,0.084,0.6676666666666669,3,1
Lycalopex_culpaeus,herptile,2,2.4275,0.038,0.4275000000000002,2,0
Lycalopex_culpaeus,large_mammal,4,1.4975,0.222,2.5025,1,3
Lycalopex_culpaeus,plant,1,1,0.048,0,1,0
Lycalopex_culpaeus,root,1,1,0.212,0,1,0
Lycalopex_culpaeus,seed,1,1,0.121,0,1,0
Lycalopex_culpaeus,small_mammal,4,4,0.166,0,4,0
Lycalopex_culpaeus,soft_invert,1,1,0.064,0,1,0
Lycalopex_gymnocercus,bird,3,3,0.027,0,3,0
Lycalopex_gymnocercus,carrion,3,2,0.108,1,2,1
Lycalopex_gymnocercus,egg,1,1,0.082,0,1,0
Lycalopex_gymnocercus,fish,2,1,0.152,1,1,1
Lycalopex_gymnocercus,fruit,3,3.8806666666666665,0.122,0.8806666666666665,4,1
Lycalopex_gymnocercus,hard_invert,3,3.0016666666666665,0.025,0.0016666666666664831,3,0
Lycalopex_gymnocercus,herptile,2,3,0.029,1,3,1
Lycalopex_gymnocercus,large_mammal,1,1,0.082,0,1,0
Lycalopex_gymnocercus,plant,1,1,0.066,0,1,0
Lycalopex_gymnocercus,root,1,1,0.057,0,1,0
Lycalopex_gymnocercus,seed,1,1,0.118,0,1,0
Lycalopex_gymnocercus,small_mammal,4,4,0.065,0,4,0
Lycalopex_gymnocercus,soft_invert,3,1,0.181,2,1,2
Lycalopex_sechurae,bird,2,2.9226666666666667,0.057,0.9226666666666667,3,1
Lycalopex_sechurae,carrion,3,1.9996666666666667,0.075,1.0003333333333333,2,1
Lycalopex_sechurae,egg,3,1,0.105,2,1,2
Lycalopex_sechurae,fish,1,1,0.099,0,1,0
Lycalopex_sechurae,fruit,4,3.8786666666666667,0.096,0.12133333333333329,4,0
Lycalopex_sechurae,hard_invert,3,3.6726666666666667,0.056,0.6726666666666667,4,1
Lycalopex_sechurae,herptile,2,3,0.041,1,3,1
Lycalopex_sechurae,large_mammal,1,1,0.133,0,1,0
Lycalopex_sechurae,plant,1,1,0.086,0,1,0
Lycalopex_sechurae,root,1,1,0.214,0,1,0
Lycalopex_sechurae,seed,3,1,0.158,2,1,2
Lycalopex_sechurae,small_mammal,3,4,0.107,1,4,1
Lycalopex_sechurae,soft_invert,1,1,0.066,0,1,0
Lycalopex_vetulus,bird,2,2.3556666666666666,0.026,0.3556666666666666,2,0
Lycalopex_vetulus,carrion,1,2,0.078,1,2,1
Lycalopex_vetulus,egg,1,1,0.12,0,1,0
Lycalopex_vetulus,fish,1,1,0.078,0,1,0
Lycalopex_vetulus,fruit,4,3.9976666666666665,0.043,0.0023333333333335204,4,0
Lycalopex_vetulus,hard_invert,4,3.709,0.081,0.2909999999999999,4,0
Lycalopex_vetulus,herptile,2,2.9675000000000002,-0.004,0.9675000000000002,3,1
Lycalopex_vetulus,large_mammal,1,1,0.07,0,1,0
Lycalopex_vetulus,plant,1,1,0.05,0,1,0
Lycalopex_vetulus,root,1,1,0.382,0,1,0
Lycalopex_vetulus,seed,1,1,0.125,0,1,0
Lycalopex_vetulus,small_mammal,3,4,0.18,1,4,1
Lycalopex_vetulus,soft_invert,1,1,0.081,0,1,0
Lycaon_pictus,bird,1,2.348333333333333,0.081,1.3483333333333332,2,1
Lycaon_pictus,carrion,2,2,0.088,0,2,0
Lycaon_pictus,egg,3,1,0.086,2,1,2
Lycaon_pictus,fish,1,1,0.189,0,1,0
Lycaon_pictus,fruit,1,2,0.112,1,2,1
Lycaon_pictus,hard_invert,1,2,0.098,1,2,1
Lycaon_pictus,herptile,3,1.7455000000000003,0.032,1.2544999999999997,2,1
Lycaon_pictus,large_mammal,4,4,0.069,0,4,0
Lycaon_pictus,plant,1,1,0.128,0,1,0
Lycaon_pictus,root,1,1,0.212,0,1,0
Lycaon_pictus,seed,1,1,0.123,0,1,0
Lycaon_pictus,small_mammal,3,4,0.164,1,4,1
Lycaon_pictus,soft_invert,1,1,0.083,0,1,0
Lynx_canadensis,bird,2,3,0.055,1,3,1
Lynx_canadensis,carrion,2,1,0.098,1,1,1
Lynx_canadensis,egg,1,1,0.027,0,1,0
Lynx_canadensis,fish,1,1,0.165,0,1,0
Lynx_canadensis,fruit,1,1,0.118,0,1,0
Lynx_canadensis,hard_invert,1,1,0.077,0,1,0
Lynx_canadensis,herptile,1,2,0.145,1,2,1
Lynx_canadensis,large_mammal,2,4,0.226,2,4,2
Lynx_canadensis,plant,1,1,0.102,0,1,0
Lynx_canadensis,root,1,1,0.14,0,1,0
Lynx_canadensis,seed,1,1,0.11,0,1,0
Lynx_canadensis,small_mammal,4,4,0.124,0,4,0
Lynx_canadensis,soft_invert,1,1,0.023,0,1,0
Martes_americana,bird,3,3,0.063,0,3,0
Martes_americana,carrion,3,2.071,0.084,0.9289999999999998,2,1
Martes_americana,egg,3,1,0.114,2,1,2
Martes_americana,fish,3,1.1110000000000002,0.217,1.8889999999999998,1,2
Martes_americana,fruit,3,2,0.086,1,2,1
Martes_americana,hard_invert,3,2.868666666666667,0.124,0.13133333333333308,3,0
Martes_americana,herptile,3,3,0.112,0,3,0
Martes_americana,large_mammal,1,1,0.108,0,1,0
Martes_americana,plant,1,1,0.103,0,1,0
Martes_americana,root,1,1,0.26,0,1,0
Martes_americana,seed,1,1,0.077,0,1,0
Martes_americana,small_mammal,4,4,0.128,0,4,0
Martes_americana,soft_invert,3,2.524,0.172,0.476,3,0
Mellivora_capensis,bird,2,2.325,0.132,0.3250000000000002,2,0
Mellivora_capensis,carrion,2,1,0.157,1,1,1
Mellivora_capensis,egg,1,1,0.101,0,1,0
Mellivora_capensis,fish,1,1,0.231,0,1,0
Mellivora_capensis,fruit,2,1.657,0.165,0.34299999999999997,2,0
Mellivora_capensis,hard_invert,4,2.6666666666666665,0.17,1.3333333333333335,3,1
Mellivora_capensis,herptile,2,2.6675,0.161,0.6675,3,1
Mellivora_capensis,large_mammal,1,1,0.191,0,1,0
Mellivora_capensis,plant,1,1,0.15,0,1,0
Mellivora_capensis,root,2,1,0.334,1,1,1
Mellivora_capensis,seed,1,1,0.176,0,1,0
Mellivora_capensis,small_mammal,4,4,0.063,0,4,0
Mellivora_capensis,soft_invert,4,1.114,0.211,2.886,1,3
Melursus_ursinus,bird,1,1.3333333333333333,0.101,0.33333333333333326,1,0
Melursus_ursinus,carrion,2,1.2106666666666666,0.083,0.7893333333333334,1,1
Melursus_ursinus,egg,1,1,0.1,0,1,0
Melursus_ursinus,fish,1,1.1655000000000002,0.178,0.1655000000000002,1,0
Melursus_ursinus,fruit,4,4,0.118,0,4,0
Melursus_ursinus,hard_invert,4,3.3336666666666668,0.1,0.6663333333333332,3,1
Melursus_ursinus,herptile,2,1,0.226,1,1,1
Melursus_ursinus,large_mammal,1,1,0.167,0,1,0
Melursus_ursinus,plant,2,2,0.122,0,2,0
Melursus_ursinus,root,2,1,0.31,1,1,1
Melursus_ursinus,seed,2,1,0.163,1,1,1
Melursus_ursinus,small_mammal,1,2,0.092,1,2,1
Melursus_ursinus,soft_invert,1,1,0.154,0,1,0
Mephitis_mephitis,bird,3,2.593,0.091,0.40700000000000003,3,0
Mephitis_mephitis,carrion,1,1,0.169,0,1,0
Mephitis_mephitis,egg,3,1.1186666666666667,0.08,1.8813333333333333,1,2
Mephitis_mephitis,fish,1,1,0.22,0,1,0
Mephitis_mephitis,fruit,3,2.8463333333333334,0.17,0.15366666666666662,3,0
Mephitis_mephitis,hard_invert,4,4,0.134,0,4,0
Mephitis_mephitis,herptile,1,2.556,0.06,1.556,3,2
Mephitis_mephitis,large_mammal,1,1,0.194,0,1,0
Mephitis_mephitis,plant,1,1,0.146,0,1,0
Mephitis_mephitis,root,1,1,0.289,0,1,0
Mephitis_mephitis,seed,1,1,0.25,0,1,0
Mephitis_mephitis,small_mammal,3,3.577,0.218,0.577,4,1
Mephitis_mephitis,soft_invert,4,4,0.14,0,4,0
Mungotictis_decemlineata,bird,2,2.3333333333333335,0.092,0.3333333333333335,2,0
Mungotictis_decemlineata,carrion,1,1,0.159,0,1,0
Mungotictis_decemlineata,egg,2,1,0.068,1,1,1
Mungotictis_decemlineata,fish,1,1,0.193,0,1,0
Mungotictis_decemlineata,fruit,1,1,0.135,0,1,0
Mungotictis_decemlineata,hard_invert,4,4,0.107,0,4,0
Mungotictis_decemlineata,herptile,2,3,0.178,1,3,1
Mungotictis_decemlineata,large_mammal,1,1,0.156,0,1,0
Mungotictis_decemlineata,plant,1,1,0.139,0,1,0
Mungotictis_decemlineata,root,1,1,0.324,0,1,0
Mungotictis_decemlineata,seed,1,1,0.12,0,1,0
Mungotictis_decemlineata,small_mammal,2,3.07,0.133,1.0699999999999998,3,1
Mungotictis_decemlineata,soft_invert,4,4,0.279,0,4,0
Nandinia_binotata,bird,3,3,0.15,0,3,0
Nandinia_binotata,carrion,2,1,0.207,1,1,1
Nandinia_binotata,egg,1,1,0.151,0,1,0
Nandinia_binotata,fish,1,1,0.285,0,1,0
Nandinia_binotata,fruit,4,4,0.215,0,4,0
Nandinia_binotata,hard_invert,2,2.9836666666666667,0.173,0.9836666666666667,3,1
Nandinia_binotata,herptile,1,2.9995,0.177,1.9994999999999998,3,2
Nandinia_binotata,large_mammal,1,1,0.207,0,1,0
Nandinia_binotata,plant,1,1,0.174,0,1,0
Nandinia_binotata,root,1,1,0.376,0,1,0
Nandinia_binotata,seed,1,1,0.28,0,1,0
Nandinia_binotata,small_mammal,2,4,0.227,2,4,2
Nandinia_binotata,soft_invert,1,1,0.26,0,1,0
Nasua_nasua,bird,2,1.9880000000000002,0.087,0.011999999999999789,2,0
Nasua_nasua,carrion,2,1,0.137,1,1,1
Nasua_nasua,egg,2,1,0.124,1,1,1
Nasua_nasua,fish,2,1,0.185,1,1,1
Nasua_nasua,fruit,4,4,0.161,0,4,0
Nasua_nasua,hard_invert,4,4,0.129,0,4,0
Nasua_nasua,herptile,2,2.9775,0.136,0.9775,3,1
Nasua_nasua,large_mammal,1,1,0.164,0,1,0
Nasua_nasua,plant,2,2,0.129,0,2,0
Nasua_nasua,root,1,1,0.422,0,1,0
Nasua_nasua,seed,1,1,0.179,0,1,0
Nasua_nasua,small_mammal,2,2,0.22,0,2,0
Nasua_nasua,soft_invert,4,4,0.192,0,4,0
Nasuella_olivacea,bird,1,1.3333333333333333,0.127,0.33333333333333326,1,0
Nasuella_olivacea,carrion,2,1,0.109,1,1,1
Nasuella_olivacea,egg,1,1.0033333333333334,0.125,0.0033333333333334103,1,0
Nasuella_olivacea,fish,1,1,0.28,0,1,0
Nasuella_olivacea,fruit,4,4,0.165,0,4,0
Nasuella_olivacea,hard_invert,4,4,0.149,0,4,0
Nasuella_olivacea,herptile,3,3,0.174,0,3,0
Nasuella_olivacea,large_mammal,1,1,0.338,0,1,0
Nasuella_olivacea,plant,2,2,0.162,0,2,0
Nasuella_olivacea,root,2,1,0.348,1,1,1
Nasuella_olivacea,seed,1,1,0.113,0,1,0
Nasuella_olivacea,small_mammal,1,1.5,0.261,0.5,2,1
Nasuella_olivacea,soft_invert,4,4,0.145,0,4,0
Neofelis_nebulosa,bird,2,2.7476666666666665,0.065,0.7476666666666665,3,1
Neofelis_nebulosa,carrion,1,1,0.105,0,1,0
Neofelis_nebulosa,egg,1,1,0.064,0,1,0
Neofelis_nebulosa,fish,2,1,0.199,1,1,1
Neofelis_nebulosa,fruit,1,1,0.114,0,1,0
Neofelis_nebulosa,hard_invert,1,1,0.113,0,1,0
Neofelis_nebulosa,herptile,1,2.214,0.133,1.214,2,1
Neofelis_nebulosa,large_mammal,4,4,0.171,0,4,0
Neofelis_nebulosa,plant,1,1,0.073,0,1,0
Neofelis_nebulosa,root,1,1,0.227,0,1,0
Neofelis_nebulosa,seed,1,1,0.088,0,1,0
Neofelis_nebulosa,small_mammal,4,4,0.123,0,4,0
Neofelis_nebulosa,soft_invert,1,1,0.121,0,1,0
Neovison_vison,bird,3,3,0.098,0,3,0
Neovison_vison,carrion,2,1,0.15,1,1,1
Neovison_vison,egg,3,1,0.138,2,1,2
Neovison_vison,fish,3,2,0.201,1,2,1
Neovison_vison,fruit,1,1,0.148,0,1,0
Neovison_vison,hard_invert,2,3.664,0.111,1.6640000000000001,4,2
Neovison_vison,herptile,3,3,0.074,0,3,0
Neovison_vison,large_mammal,1,1,0.106,0,1,0
Neovison_vison,plant,1,1,0.133,0,1,0
Neovison_vison,root,1,1,0.385,0,1,0
Neovison_vison,seed,1,1,0.109,0,1,0
Neovison_vison,small_mammal,3,4,0.157,1,4,1
Neovison_vison,soft_invert,2,3,0.192,1,3,1
Nyctereutes_procyonoides,bird,3,3,0.087,0,3,0
Nyctereutes_procyonoides,carrion,3,2.1256666666666666,0.124,0.8743333333333334,2,1
Nyctereutes_procyonoides,egg,3,1.1623333333333332,0.123,1.8376666666666668,1,2
Nyctereutes_procyonoides,fish,3,1.5,0.207,1.5,2,1
Nyctereutes_procyonoides,fruit,3,2.8253333333333335,0.148,0.17466666666666653,3,0
Nyctereutes_procyonoides,hard_invert,3,3.6723333333333334,0.134,0.6723333333333334,4,1
Nyctereutes_procyonoides,herptile,3,3,0.123,0,3,0
Nyctereutes_procyonoides,large_mammal,1,1,0.181,0,1,0
Nyctereutes_procyonoides,plant,3,2,0.147,1,2,1
Nyctereutes_procyonoides,root,3,1,0.43,2,1,2
Nyctereutes_procyonoides,seed,3,1,0.104,2,1,2
Nyctereutes_procyonoides,small_mammal,3,4,0.171,1,4,1
Nyctereutes_procyonoides,soft_invert,3,1,0.204,2,1,2
Otocyon_megalotis,bird,2,2.3333333333333335,0.114,0.3333333333333335,2,0
Otocyon_megalotis,carrion,2,1.7186666666666661,0.131,0.2813333333333339,2,0
Otocyon_megalotis,egg,2,1.0683333333333334,0.066,0.9316666666666666,1,1
Otocyon_megalotis,fish,1,1,0.218,0,1,0
Otocyon_megalotis,fruit,3,3.6316666666666664,0.12,0.6316666666666664,4,1
Otocyon_megalotis,hard_invert,4,3.6666666666666665,0.106,0.3333333333333335,4,0
Otocyon_megalotis,herptile,2,2.9935,0.151,0.9935,3,1
Otocyon_megalotis,large_mammal,1,1,0.158,0,1,0
Otocyon_megalotis,plant,2,1.925,0.134,0.07499999999999996,2,0
Otocyon_megalotis,root,1,1,0.426,0,1,0
Otocyon_megalotis,seed,2,1,0.168,1,1,1
Otocyon_megalotis,small_mammal,2,3,0.139,1,3,1
Otocyon_megalotis,soft_invert,2,1,0.119,1,1,1
Paguma_larvata,bird,3,2.3406666666666665,0.081,0.6593333333333335,2,1
Paguma_larvata,carrion,1,1,0.157,0,1,0
Paguma_larvata,egg,1,1,0.12,0,1,0
Paguma_larvata,fish,2,1.5,0.244,0.5,2,0
Paguma_larvata,fruit,4,4,0.18,0,4,0
Paguma_larvata,hard_invert,4,4,0.111,0,4,0
Paguma_larvata,herptile,2,2.998,0.152,0.9980000000000002,3,1
Paguma_larvata,large_mammal,1,1,0.197,0,1,0
Paguma_larvata,plant,2,2,0.167,0,2,0
Paguma_larvata,root,1,1,0.121,0,1,0
Paguma_larvata,seed,1,1,0.189,0,1,0
Paguma_larvata,small_mammal,4,4,0.165,0,4,0
Paguma_larvata,soft_invert,1,1,0.209,0,1,0
Panthera_leo,bird,2,1.3333333333333333,0.1,0.6666666666666667,1,1
Panthera_leo,carrion,2,1,0.138,1,1,1
Panthera_leo,egg,2,1,0.119,1,1,1
Panthera_leo,fish,2,1.5175,0.129,0.48249999999999993,2,0
Panthera_leo,fruit,2,1.4050000000000002,0.163,0.5949999999999998,1,1
Panthera_leo,hard_invert,2,1.732,0.095,0.268,2,0
Panthera_leo,herptile,2,1.5045,0.171,0.49550000000000005,2,0
Panthera_leo,large_mammal,4,4,0.194,0,4,0
Panthera_leo,plant,2,1.6706666666666667,0.115,0.32933333333333326,2,0
Panthera_leo,root,1,1,0.454,0,1,0
Panthera_leo,seed,1,1,0.107,0,1,0
Panthera_leo,small_mammal,2,2,0.151,0,2,0
Panthera_leo,soft_invert,1,1,0.141,0,1,0
Panthera_onca,bird,2,2,0.058,0,2,0
Panthera_onca,carrion,1,1,0.062,0,1,0
Panthera_onca,egg,2,1,0.081,1,1,1
Panthera_onca,fish,2,1,0.065,1,1,1
Panthera_onca,fruit,2,1.0136666666666667,0.124,0.9863333333333333,1,1
Panthera_onca,hard_invert,2,1.14,0.088,0.8600000000000001,1,1
Panthera_onca,herptile,4,2.0605,0.128,1.9394999999999998,2,2
Panthera_onca,large_mammal,4,4,0.121,0,4,0
Panthera_onca,plant,2,1.675,0.095,0.32499999999999996,2,0
Panthera_onca,root,1,1,0.33,0,1,0
Panthera_onca,seed,1,1,0.087,0,1,0
Panthera_onca,small_mammal,4,2,0.125,2,2,2
Panthera_onca,soft_invert,1,1,0.095,0,1,0
Panthera_pardus,bird,2,2,0.044,0,2,0
Panthera_pardus,carrion,1,1,0.059,0,1,0
Panthera_pardus,egg,1,1,0.088,0,1,0
Panthera_pardus,fish,2,1,0.088,1,1,1
Panthera_pardus,fruit,2,1.0343333333333333,0.11,0.9656666666666667,1,1
Panthera_pardus,hard_invert,2,1.3933333333333335,0.112,0.6066666666666665,1,1
Panthera_pardus,herptile,2,1.981,0.062,0.018999999999999906,2,0
Panthera_pardus,large_mammal,4,4,0.07,0,4,0
Panthera_pardus,plant,2,1.8370000000000002,0.112,0.1629999999999998,2,0
Panthera_pardus,root,1,1,0.305,0,1,0
Panthera_pardus,seed,1,1,0.074,0,1,0
Panthera_pardus,small_mammal,2,3.0365,0.097,1.0365000000000002,3,1
Panthera_pardus,soft_invert,1,1,0.144,0,1,0
Parahyaena_brunnea,bird,3,2.3333333333333335,0.108,0.6666666666666665,2,1
Parahyaena_brunnea,carrion,4,3.3333333333333335,0.132,0.6666666666666665,3,1
Parahyaena_brunnea,egg,3,1,0.113,2,1,2
Parahyaena_brunnea,fish,1,1,0.154,0,1,0
Parahyaena_brunnea,fruit,3,2.3333333333333335,0.119,0.6666666666666665,2,1
Parahyaena_brunnea,hard_invert,3,2.728666666666667,0.057,0.2713333333333332,3,0
Parahyaena_brunnea,herptile,3,3,0.163,0,3,0
Parahyaena_brunnea,large_mammal,1,2.5,0.122,1.5,2,1
Parahyaena_brunnea,plant,1,1,0.141,0,1,0
Parahyaena_brunnea,root,1,1,0.257,0,1,0
Parahyaena_brunnea,seed,1,1,0.065,0,1,0
Parahyaena_brunnea,small_mammal,3,2,0.106,1,2,1
Parahyaena_brunnea,soft_invert,1,1,0.119,0,1,0
Pekania_pennanti,bird,4,3,0.025,1,3,1
Pekania_pennanti,carrion,4,2.9306666666666663,0.106,1.0693333333333337,3,1
Pekania_pennanti,egg,2,1,0.068,1,1,1
Pekania_pennanti,fish,1,1.5,0.213,0.5,2,1
Pekania_pennanti,fruit,2,2,0.122,0,2,0
Pekania_pennanti,hard_invert,2,3,0.122,1,3,1
Pekania_pennanti,herptile,3,3,0.124,0,3,0
Pekania_pennanti,large_mammal,1,1,0.167,0,1,0
Pekania_pennanti,plant,1,1,0.13,0,1,0
Pekania_pennanti,root,1,1,0.259,0,1,0
Pekania_pennanti,seed,1,1,0.113,0,1,0
Pekania_pennanti,small_mammal,4,4,0.15,0,4,0
Pekania_pennanti,soft_invert,2,2.4475000000000002,0.243,0.44750000000000023,2,0
Poecilogale_albinucha,bird,2,3,0.13,1,3,1
Poecilogale_albinucha,carrion,1,1,0.127,0,1,0
Poecilogale_albinucha,egg,1,1,0.156,0,1,0
Poecilogale_albinucha,fish,1,1,0.255,0,1,0
Poecilogale_albinucha,fruit,1,1,0.225,0,1,0
Poecilogale_albinucha,hard_invert,1,1.718,0.184,0.718,2,1
Poecilogale_albinucha,herptile,1,3,0.194,2,3,2
Poecilogale_albinucha,large_mammal,1,1,0.207,0,1,0
Poecilogale_albinucha,plant,1,1,0.159,0,1,0
Poecilogale_albinucha,root,1,1,0.344,0,1,0
Poecilogale_albinucha,seed,1,1,0.237,0,1,0
Poecilogale_albinucha,small_mammal,4,4,0.174,0,4,0
Poecilogale_albinucha,soft_invert,1,1,0.222,0,1,0
Potos_flavus,bird,1,1.35,0.121,0.3500000000000001,1,0
Potos_flavus,carrion,1,1,0.152,0,1,0
Potos_flavus,egg,1,1,0.067,0,1,0
Potos_flavus,fish,1,1,0.222,0,1,0
Potos_flavus,fruit,4,4,0.172,0,4,0
Potos_flavus,hard_invert,2,3.333,0.196,1.3330000000000002,3,1
Potos_flavus,herptile,1,2.978,0.122,1.9780000000000002,3,2
Potos_flavus,large_mammal,1,1,0.21,0,1,0
Potos_flavus,plant,2,1.8753333333333329,0.207,0.12466666666666715,2,0
Potos_flavus,root,1,1,0.311,0,1,0
Potos_flavus,seed,1,1,0.195,0,1,0
Potos_flavus,small_mammal,1,1.5,0.183,0.5,2,1
Potos_flavus,soft_invert,2,2.1270000000000007,0.183,0.12700000000000067,2,0
Prionailurus_bengalensis,bird,4,3,0.051,1,3,1
Prionailurus_bengalensis,carrion,2,1,0.116,1,1,1
Prionailurus_bengalensis,egg,1,1,0.072,0,1,0
Prionailurus_bengalensis,fish,1,1,0.158,0,1,0
Prionailurus_bengalensis,fruit,1,1,0.161,0,1,0
Prionailurus_bengalensis,hard_invert,3,2.635,0.147,0.3650000000000002,3,0
Prionailurus_bengalensis,herptile,4,2.508,0.155,1.492,3,1
Prionailurus_bengalensis,large_mammal,2,1,0.171,1,1,1
Prionailurus_bengalensis,plant,2,1.0026666666666668,0.116,0.9973333333333332,1,1
Prionailurus_bengalensis,root,1,1,0.313,0,1,0
Prionailurus_bengalensis,seed,1,1,0.112,0,1,0
Prionailurus_bengalensis,small_mammal,4,4,0.152,0,4,0
Prionailurus_bengalensis,soft_invert,2,1,0.316,1,1,1
Procyon_cancrivorus,bird,2,2,0.121,0,2,0
Procyon_cancrivorus,carrion,1,1,0.092,0,1,0
Procyon_cancrivorus,egg,1,1,0.045,0,1,0
Procyon_cancrivorus,fish,2,2,0.172,0,2,0
Procyon_cancrivorus,fruit,4,4,0.109,0,4,0
Procyon_cancrivorus,hard_invert,3,4,0.162,1,4,1
Procyon_cancrivorus,herptile,3,3,0.158,0,3,0
Procyon_cancrivorus,large_mammal,2,1,0.325,1,1,1
Procyon_cancrivorus,plant,1,1.964,0.129,0.964,2,1
Procyon_cancrivorus,root,1,1,0.263,0,1,0
Procyon_cancrivorus,seed,1,1,0.206,0,1,0
Procyon_cancrivorus,small_mammal,3,2.8675,0.153,0.13249999999999984,3,0
Procyon_cancrivorus,soft_invert,1,1,0.25,0,1,0
Procyon_lotor,bird,3,2,0.127,1,2,1
Procyon_lotor,carrion,1,1,0.105,0,1,0
Procyon_lotor,egg,2,1,0.084,1,1,1
Procyon_lotor,fish,3,2,0.138,1,2,1
Procyon_lotor,fruit,4,4,0.076,0,4,0
Procyon_lotor,hard_invert,4,4,0.149,0,4,0
Procyon_lotor,herptile,3,2.564,0.193,0.43599999999999994,3,0
Procyon_lotor,large_mammal,1,1,0.193,0,1,0
Procyon_lotor,plant,2,2,0.152,0,2,0
Procyon_lotor,root,1,1,0.362,0,1,0
Procyon_lotor,seed,4,1,0.249,3,1,3
Procyon_lotor,small_mammal,4,2.95,0.191,1.0499999999999998,3,1
Procyon_lotor,soft_invert,1,1,0.237,0,1,0
Proteles_cristatus,bird,1,2.332333333333333,0.099,1.3323333333333331,2,1
Proteles_cristatus,carrion,1,1.7276666666666667,0.099,0.7276666666666667,2,1
Proteles_cristatus,egg,1,1,0.148,0,1,0
Proteles_cristatus,fish,1,1,0.214,0,1,0
Proteles_cristatus,fruit,1,1,0.211,0,1,0
Proteles_cristatus,hard_invert,4,2.5796666666666668,0.101,1.4203333333333332,3,1
Proteles_cristatus,herptile,1,1.0035,0.136,0.0035000000000000586,1,0
Proteles_cristatus,large_mammal,1,4,0.182,3,4,3
Proteles_cristatus,plant,1,1,0.138,0,1,0
Proteles_cristatus,root,1,1,0.268,0,1,0
Proteles_cristatus,seed,1,1,0.205,0,1,0
Proteles_cristatus,small_mammal,1,2,0.183,1,2,1
Proteles_cristatus,soft_invert,2,1,0.265,1,1,1
Pteronura_brasiliensis,bird,1,2,0.076,1,2,1
Pteronura_brasiliensis,carrion,1,1,0.109,0,1,0
Pteronura_brasiliensis,egg,1,1,0.092,0,1,0
Pteronura_brasiliensis,fish,4,4,0.134,0,4,0
Pteronura_brasiliensis,fruit,1,1,0.165,0,1,0
Pteronura_brasiliensis,hard_invert,2,2.302,0.112,0.30200000000000005,2,0
Pteronura_brasiliensis,herptile,2,2.395,0.11,0.395,2,0
Pteronura_brasiliensis,large_mammal,2,1,0.251,1,1,1
Pteronura_brasiliensis,plant,1,1,0.145,0,1,0
Pteronura_brasiliensis,root,1,1,0.34,0,1,0
Pteronura_brasiliensis,seed,1,1,0.275,0,1,0
Pteronura_brasiliensis,small_mammal,2,2,0.2,0,2,0
Pteronura_brasiliensis,soft_invert,1,1,0.203,0,1,0
Puma_concolor,bird,2,2.3333333333333335,0.077,0.3333333333333335,2,0
Puma_concolor,carrion,1,1,0.083,0,1,0
Puma_concolor,egg,1,1,0.093,0,1,0
Puma_concolor,fish,1,1,0.107,0,1,0
Puma_concolor,fruit,1,1,0.1,0,1,0
Puma_concolor,hard_invert,1,1.218,0.077,0.21799999999999997,1,0
Puma_concolor,herptile,2,1.7585000000000002,0.09,0.24149999999999983,2,0
Puma_concolor,large_mammal,4,4,0.119,0,4,0
Puma_concolor,plant,2,1.524,0.122,0.476,2,0
Puma_concolor,root,1,1,0.36,0,1,0
Puma_concolor,seed,1,1,0.104,0,1,0
Puma_concolor,small_mammal,4,3.934,0.182,0.06599999999999984,4,0
Puma_concolor,soft_invert,1,1,0.148,0,1,0
Speothos_venaticus,bird,3,3,0.056,0,3,0
Speothos_venaticus,carrion,1,1.1973333333333336,0.089,0.19733333333333358,1,0
Speothos_venaticus,egg,1,1,0.099,0,1,0
Speothos_venaticus,fish,1,1,0.072,0,1,0
Speothos_venaticus,fruit,2,2.1519999999999997,0.107,0.1519999999999997,2,0
Speothos_venaticus,hard_invert,1,2,0.105,1,2,1
Speothos_venaticus,herptile,3,2.927,0.097,0.07299999999999995,3,0
Speothos_venaticus,large_mammal,4,1.8340000000000003,0.14,2.1659999999999995,2,2
Speothos_venaticus,plant,1,1,0.089,0,1,0
Speothos_venaticus,root,1,1,0.451,0,1,0
Speothos_venaticus,seed,1,1,0.115,0,1,0
Speothos_venaticus,small_mammal,4,4,0.156,0,4,0
Speothos_venaticus,soft_invert,1,1,0.129,0,1,0
Spilogale_putorius,bird,3,3,0.123,0,3,0
Spilogale_putorius,carrion,3,1.0013333333333334,0.197,1.9986666666666666,1,2
Spilogale_putorius,egg,2,1.4689999999999999,0.109,0.5310000000000001,1,1
Spilogale_putorius,fish,1,1,0.146,0,1,0
Spilogale_putorius,fruit,2,2.0283333333333333,0.147,0.02833333333333332,2,0
Spilogale_putorius,hard_invert,4,4,0.116,0,4,0
Spilogale_putorius,herptile,2,3,0.177,1,3,1
Spilogale_putorius,large_mammal,1,1,0.239,0,1,0
Spilogale_putorius,plant,3,1.672,0.19,1.328,2,1
Spilogale_putorius,root,1,1,0.347,0,1,0
Spilogale_putorius,seed,1,1,0.26,0,1,0
Spilogale_putorius,small_mammal,4,4,0.228,0,4,0
Spilogale_putorius,soft_invert,4,4,0.207,0,4,0
Taxidea_taxus,bird,3,2.3333333333333335,0.109,0.6666666666666665,2,1
Taxidea_taxus,carrion,1,1,0.154,0,1,0
Taxidea_taxus,egg,3,1,0.091,2,1,2
Taxidea_taxus,fish,2,2,0.19,0,2,0
Taxidea_taxus,fruit,1,1.001,0.221,9.999999999998899e-4,1,0
Taxidea_taxus,hard_invert,3,3.0003333333333333,0.121,3.333333333332966e-4,3,0
Taxidea_taxus,herptile,3,2.999,0.164,9.999999999998899e-4,3,0
Taxidea_taxus,large_mammal,1,1,0.136,0,1,0
Taxidea_taxus,plant,1,1,0.157,0,1,0
Taxidea_taxus,root,1,1,0.449,0,1,0
Taxidea_taxus,seed,2,1,0.198,1,1,1
Taxidea_taxus,small_mammal,4,3.9995,0.19,5.00000000000167e-4,4,0
Taxidea_taxus,soft_invert,2,1.0505,0.278,0.9495,1,1
Tremarctos_ornatus,bird,2,1.6666666666666667,0.17,0.33333333333333326,2,0
Tremarctos_ornatus,carrion,2,1.0083333333333333,0.192,0.9916666666666667,1,1
Tremarctos_ornatus,egg,1,1,0.104,0,1,0
Tremarctos_ornatus,fish,1,1,0.197,0,1,0
Tremarctos_ornatus,fruit,4,4,0.184,0,4,0
Tremarctos_ornatus,hard_invert,2,2.001,0.165,9.999999999998899e-4,2,0
Tremarctos_ornatus,herptile,1,1,0.131,0,1,0
Tremarctos_ornatus,large_mammal,2,1,0.251,1,1,1
Tremarctos_ornatus,plant,4,4,0.211,0,4,0
Tremarctos_ornatus,root,1,1,0.262,0,1,0
Tremarctos_ornatus,seed,1,1,0.017,0,1,0
Tremarctos_ornatus,small_mammal,2,2,0.155,0,2,0
Tremarctos_ornatus,soft_invert,2,1,0.195,1,1,1
Uncia_uncia,bird,3,2.6376666666666666,0.099,0.3623333333333334,3,0
Uncia_uncia,carrion,2,1,0.108,1,1,1
Uncia_uncia,egg,1,1,0.076,0,1,0
Uncia_uncia,fish,1,1,0.106,0,1,0
Uncia_uncia,fruit,1,1,0.093,0,1,0
Uncia_uncia,hard_invert,1,1.0003333333333333,0.092,3.333333333332966e-4,1,0
Uncia_uncia,herptile,1,2.398,0.084,1.3980000000000001,2,1
Uncia_uncia,large_mammal,4,4,0.102,0,4,0
Uncia_uncia,plant,2,1.7123333333333333,0.107,0.28766666666666674,2,0
Uncia_uncia,root,1,1,0.35,0,1,0
Uncia_uncia,seed,1,1,0.145,0,1,0
Uncia_uncia,small_mammal,3,4,0.138,1,4,1
Uncia_uncia,soft_invert,1,1,0.092,0,1,0
Urocyon_cinereoargenteus,bird,3,3,0.055,0,3,0
Urocyon_cinereoargenteus,carrion,2,1.99,0.105,0.010000000000000009,2,0
Urocyon_cinereoargenteus,egg,1,1.002,0.082,0.0020000000000000018,1,0
Urocyon_cinereoargenteus,fish,1,1,0.18,0,1,0
Urocyon_cinereoargenteus,fruit,4,4,0.155,0,4,0
Urocyon_cinereoargenteus,hard_invert,4,3.9993333333333334,0.071,6.666666666665932e-4,4,0
Urocyon_cinereoargenteus,herptile,1,3,0.117,2,3,2
Urocyon_cinereoargenteus,large_mammal,1,1,0.108,0,1,0
Urocyon_cinereoargenteus,plant,1,1.1646666666666665,0.145,0.16466666666666652,1,0
Urocyon_cinereoargenteus,root,1,1,0.061,0,1,0
Urocyon_cinereoargenteus,seed,3,1,0.109,2,1,2
Urocyon_cinereoargenteus,small_mammal,4,4,0.191,0,4,0
Urocyon_cinereoargenteus,soft_invert,2,1.2075000000000002,0.211,0.7924999999999998,1,1
Ursus_arctos,bird,3,2.3333333333333335,0.138,0.6666666666666665,2,1
Ursus_arctos,carrion,3,2.143666666666667,0.142,0.8563333333333332,2,1
Ursus_arctos,egg,3,1,0.128,2,1,2
Ursus_arctos,fish,3,2,0.164,1,2,1
Ursus_arctos,fruit,3,3.666,0.117,0.6659999999999999,4,1
Ursus_arctos,hard_invert,3,3.3333333333333335,0.106,0.3333333333333335,3,0
Ursus_arctos,herptile,1,1,0.13,0,1,0
Ursus_arctos,large_mammal,3,2.5,0.211,0.5,2,1
Ursus_arctos,plant,3,2.007,0.113,0.9929999999999999,2,1
Ursus_arctos,root,3,1,0.284,2,1,2
Ursus_arctos,seed,3,1,0.274,2,1,2
Ursus_arctos,small_mammal,2,2,0.108,0,2,0
Ursus_arctos,soft_invert,3,1.4334999999999998,0.066,1.5665000000000002,1,2
Ursus_maritimus,bird,2,1.3333333333333333,0.113,0.6666666666666667,1,1
Ursus_maritimus,carrion,3,1.4713333333333332,0.13,1.5286666666666668,1,2
Ursus_maritimus,egg,2,1,0.105,1,1,1
Ursus_maritimus,fish,2,2,0.165,0,2,0
Ursus_maritimus,fruit,2,2.666,0.134,0.6659999999999999,3,1
Ursus_maritimus,hard_invert,2,2.6463333333333336,0.112,0.6463333333333336,3,1
Ursus_maritimus,herptile,1,1,0.199,0,1,0
Ursus_maritimus,large_mammal,4,4,0.244,0,4,0
Ursus_maritimus,plant,2,2,0.141,0,2,0
Ursus_maritimus,root,1,1,0.201,0,1,0
Ursus_maritimus,seed,1,1,0.104,0,1,0
Ursus_maritimus,small_mammal,2,1.8815000000000002,0.059,0.11849999999999983,2,0
Ursus_maritimus,soft_invert,2,1,0.14,1,1,1
Viverra_zibetha,bird,2,2.6586666666666665,0.128,0.6586666666666665,3,1
Viverra_zibetha,carrion,1,1,0.146,0,1,0
Viverra_zibetha,egg,2,1,0.144,1,1,1
Viverra_zibetha,fish,2,1.9825,0.199,0.01750000000000007,2,0
Viverra_zibetha,fruit,4,4,0.084,0,4,0
Viverra_zibetha,hard_invert,2,3.138666666666667,0.104,1.138666666666667,3,1
Viverra_zibetha,herptile,2,2.824,0.126,0.8239999999999998,3,1
Viverra_zibetha,large_mammal,1,1,0.138,0,1,0
Viverra_zibetha,plant,1,1.996,0.177,0.996,2,1
Viverra_zibetha,root,1,1,0.335,0,1,0
Viverra_zibetha,seed,1,1,0.035,0,1,0
Viverra_zibetha,small_mammal,3,4,0.214,1,4,1
Viverra_zibetha,soft_invert,2,1.2565000000000006,0.191,0.7434999999999994,1,1
Viverricula_indica,bird,2,2.4143333333333334,0.13,0.41433333333333344,2,0
Viverricula_indica,carrion,1,1,0.118,0,1,0
Viverricula_indica,egg,1,1,0.151,0,1,0
Viverricula_indica,fish,2,1,0.218,1,1,1
Viverricula_indica,fruit,4,4,0.14,0,4,0
Viverricula_indica,hard_invert,4,4,0.105,0,4,0
Viverricula_indica,herptile,2,3,0.154,1,3,1
Viverricula_indica,large_mammal,1,1,0.076,0,1,0
Viverricula_indica,plant,4,2.002666666666667,0.17,1.9973333333333332,2,2
Viverricula_indica,root,1,1,0.083,0,1,0
Viverricula_indica,seed,1,1,0.094,0,1,0
Viverricula_indica,small_mammal,4,4,0.184,0,4,0
Viverricula_indica,soft_invert,4,4,0.197,0,4,0
Vulpes_chama,bird,3,3,-0.011,0,3,0
Vulpes_chama,carrion,2,1.5033333333333334,0.098,0.4966666666666666,2,0
Vulpes_chama,egg,3,1.0003333333333333,0.082,1.9996666666666667,1,2
Vulpes_chama,fish,1,1,0.129,0,1,0
Vulpes_chama,fruit,2,2.646333333333333,0.099,0.6463333333333332,3,1
Vulpes_chama,hard_invert,3,3.323,0.046,0.32299999999999995,3,0
Vulpes_chama,herptile,3,3,0.132,0,3,0
Vulpes_chama,large_mammal,1,1,0.086,0,1,0
Vulpes_chama,plant,2,1.2786666666666666,0.094,0.7213333333333334,1,1
Vulpes_chama,root,1,1,0.343,0,1,0
Vulpes_chama,seed,1,1,0.055,0,1,0
Vulpes_chama,small_mammal,4,4,0.088,0,4,0
Vulpes_chama,soft_invert,3,1.002,0.131,1.998,1,2
Vulpes_lagopus,bird,4,3,0.088,1,3,1
Vulpes_lagopus,carrion,3,2.0006666666666666,0.1,0.9993333333333334,2,1
Vulpes_lagopus,egg,4,1,0.197,3,1,3
Vulpes_lagopus,fish,3,1,0.113,2,1,2
Vulpes_lagopus,fruit,2,2,0.086,0,2,0
Vulpes_lagopus,hard_invert,3,3,0.071,0,3,0
Vulpes_lagopus,herptile,1,2.587,0.118,1.5870000000000002,3,2
Vulpes_lagopus,large_mammal,2,1,0.145,1,1,1
Vulpes_lagopus,plant,1,1,0.063,0,1,0
Vulpes_lagopus,root,1,1,0.375,0,1,0
Vulpes_lagopus,seed,1,1,0.144,0,1,0
Vulpes_lagopus,small_mammal,4,4,0.105,0,4,0
Vulpes_lagopus,soft_invert,3,1.0025,0.112,1.9975,1,2
Vulpes_macrotis,bird,2,3,0.084,1,3,1
Vulpes_macrotis,carrion,2,2,0.095,0,2,0
Vulpes_macrotis,egg,1,1,0.084,0,1,0
Vulpes_macrotis,fish,1,1,0.147,0,1,0
Vulpes_macrotis,fruit,2,2,0.093,0,2,0
Vulpes_macrotis,hard_invert,2,3,0.082,1,3,1
Vulpes_macrotis,herptile,2,2.4865000000000004,0.118,0.4865000000000004,2,0
Vulpes_macrotis,large_mammal,1,1,0.088,0,1,0
Vulpes_macrotis,plant,2,2,0.069,0,2,0
Vulpes_macrotis,root,1,1,0.375,0,1,0
Vulpes_macrotis,seed,1,1,0.061,0,1,0
Vulpes_macrotis,small_mammal,4,4,0.11,0,4,0
Vulpes_macrotis,soft_invert,1,1,0.172,0,1,0
Vulpes_rueppellii,bird,3,3,0.016,0,3,0
Vulpes_rueppellii,carrion,1,1.0603333333333333,0.07,0.06033333333333335,1,0
Vulpes_rueppellii,egg,1,1,0.083,0,1,0
Vulpes_rueppellii,fish,1,1,0.086,0,1,0
Vulpes_rueppellii,fruit,3,2.584,0.088,0.4159999999999999,3,0
Vulpes_rueppellii,hard_invert,3,3.3996666666666666,0.065,0.3996666666666666,3,0
Vulpes_rueppellii,herptile,3,3,0.088,0,3,0
Vulpes_rueppellii,large_mammal,1,1,0.027,0,1,0
Vulpes_rueppellii,plant,3,1.6763333333333332,0.102,1.3236666666666668,2,1
Vulpes_rueppellii,root,1,1,0.232,0,1,0
Vulpes_rueppellii,seed,1,1,0.073,0,1,0
Vulpes_rueppellii,small_mammal,3,4,0.177,1,4,1
Vulpes_rueppellii,soft_invert,1,1.0859999999999999,0.162,0.08599999999999985,1,0
Vulpes_velox,bird,3,3,0.012,0,3,0
Vulpes_velox,carrion,3,2.021333333333333,0.067,0.9786666666666668,2,1
Vulpes_velox,egg,2,1,0.035,1,1,1
Vulpes_velox,fish,2,1,0.136,1,1,1
Vulpes_velox,fruit,2,2.002,0.01,0.0019999999999997797,2,0
Vulpes_velox,hard_invert,3,3,0.048,0,3,0
Vulpes_velox,herptile,3,3,0.147,0,3,0
Vulpes_velox,large_mammal,1,1,0.072,0,1,0
Vulpes_velox,plant,2,1,0.066,1,1,1
Vulpes_velox,root,1,1,0.286,0,1,0
Vulpes_velox,seed,2,1,0.075,1,1,1
Vulpes_velox,small_mammal,4,4,0.114,0,4,0
Vulpes_velox,soft_invert,2,1.048,0.151,0.952,1,1
Vulpes_vulpes,bird,3,3,0.004,0,3,0
Vulpes_vulpes,carrion,2,1.8173333333333332,0.094,0.18266666666666675,2,0
Vulpes_vulpes,egg,2,1,0.075,1,1,1
Vulpes_vulpes,fish,2,1,0.183,1,1,1
Vulpes_vulpes,fruit,3,2.3333333333333335,0.105,0.6666666666666665,2,1
Vulpes_vulpes,hard_invert,3,3,0.055,0,3,0
Vulpes_vulpes,herptile,1,2.957,0.16,1.9569999999999999,3,2
Vulpes_vulpes,large_mammal,1,1,0.094,0,1,0
Vulpes_vulpes,plant,1,1.6740000000000004,0.075,0.6740000000000004,2,1
Vulpes_vulpes,root,1,1,0.294,0,1,0
Vulpes_vulpes,seed,3,1,0.133,2,1,2
Vulpes_vulpes,small_mammal,4,4,0.136,0,4,0
Vulpes_vulpes,soft_invert,3,1,0.156,2,1,2
Vulpes_zerda,bird,3,3,0.017,0,3,0
Vulpes_zerda,carrion,1,1.3856666666666666,0.111,0.3856666666666666,1,0
Vulpes_zerda,egg,2,1.2936666666666667,0.073,0.7063333333333333,1,1
Vulpes_zerda,fish,1,1,0.13,0,1,0
Vulpes_zerda,fruit,3,3,0.11,0,3,0
Vulpes_zerda,hard_invert,4,4,0.097,0,4,0
Vulpes_zerda,herptile,3,3,0.132,0,3,0
Vulpes_zerda,large_mammal,1,1,0.093,0,1,0
Vulpes_zerda,plant,1,1.3333333333333333,0.081,0.33333333333333326,1,0
Vulpes_zerda,root,3,1,0.559,2,1,2
Vulpes_zerda,seed,1,1,0.108,0,1,0
Vulpes_zerda,small_mammal,3,4,0.174,1,4,1
Vulpes_zerda,soft_invert,2,2,0.115,0,2,0
